Best_Augmented,Labels
Chào mừng Giáng sinh và chúc bạn một năm mới 2026 an khang thịnh vượng.,Thong_Tin_Truong
"Kỷ niệm 81 năm thành lập quân đội nhân dân Việt Nam, hội cựu chiến binh tại Đại học Công nghiệp TP.HCM đã về nguồn để tri ân.",Thong_Tin_Truong
Từ vảy cá đến giá trị sinh thái: Sinh viên trường Đại học Công nghiệp TP.HCM chiến thắng giải nhì FID 2025.,Thong_Tin_Truong
"Sinh viên trường Đại học Công nghiệp TP.HCM đã xuất sắc giành giải nhì trong cuộc thi thiết kế điện tử Việt Nam 2025, sau khi vượt qua hơn 140 đội thi.",Thong_Tin_Truong
"Đại học Công nghiệp TP.HCM đã đạt được thành tích cao, lọt vào top 3 trường hàng đầu cả nước tại OLPai'25.",Thong_Tin_Truong
Đội tuyển đại học Công nghiệp TP.HCM đã xuất sắc vượt qua vòng quốc gia và chính thức có mặt tại chung kết procon quốc tế.,Thong_Tin_Truong
Nhóm sinh viên của trường Đại học Công nghiệp TP.HCM đã xuất sắc giành giải nhất tại cuộc thi thiết kế HVAC Midea lần thứ 5 ở cấp quốc tế.,Thong_Tin_Truong
Một cựu sinh viên từ Đại học Công nghiệp TP.HCM đã theo đuổi đam mê trồng nấm và trở thành CEO của Vinabiomush.,Thong_Tin_Truong
Giải thưởng Euréka 2025 đã vinh danh sinh viên Đại học Công nghiệp TP.HCM với giải nhất toàn quốc.,Thong_Tin_Truong
Hỗ trợ khẩn cấp trang thiết bị và quần áo cho học sinh vùng lũ ngập nặng đang được Đại học Công nghiệp TP.HCM triển khai.,Thong_Tin_Truong
"Trong năm 2025, trường Đại học Công nghiệp Thành phố Hồ Chí Minh đã tổ chức lễ vinh danh và bổ nhiệm 16 GS, PGS, nhằm phát triển đội ngũ học thuật.",Thong_Tin_Truong
Mùa tốt nghiệp - các đại sứ mới của trường Đại học Công nghiệp TP.HCM.,Thong_Tin_Truong
"Mới đây, Đại học Công nghiệp Thành phố Hồ Chí Minh đã thực hiện ký kết hợp tác mới, tạo điều kiện thuận lợi cho sinh viên hóa - dược trong việc tìm kiếm việc làm.",Thong_Tin_Truong
Trong tháng 11 tươi đẹp: Đại học Công nghiệp TP.HCM đã tổ chức lễ vinh danh thầy cô và trao nhiều giải thưởng cho phong trào.,Thong_Tin_Truong
"Hơn 4,3 tỷ đồng đã được Đại học Công nghiệp TP.HCM quyên góp nhằm hỗ trợ khẩn cấp cho bà con miền Trung.",Thong_Tin_Truong
Đại học Công nghiệp TP.HCM kỷ niệm ngày 20/11 với nhiều sự kiện đáng chú ý và giới thiệu bộ nhận diện thương hiệu mới.,Thong_Tin_Truong
"Tại Đại hội Công đoàn lần thứ XVII, trường Đại học Công nghiệp TP.HCM đã vinh dự nhận cờ thi đua từ Công đoàn Công Thương Việt Nam.",Thong_Tin_Truong
Bộ trưởng Nguyễn Hồng Diên gửi lời chúc tốt đẹp tới các thầy cô nhân sự kiện Ngày Nhà giáo Việt Nam 20/11.,Thong_Tin_Truong
Đại học Công nghiệp TP.HCM đã có sự thăng tiến nổi bật và được vinh danh với giải thưởng quốc tế về hội nhập toàn cầu.,Thong_Tin_Truong
Chương trình Water Tech Innovation Lounge tại triển lãm quốc tế Vietwater 2025 đã ghi nhận sinh viên của Đại học Công nghiệp TP.Hồ Chí Minh đạt giải á quân.,Thong_Tin_Truong
"Mùa 5 của innogreenlife tại trường Đại học Công nghiệp TP.HCM: hãy dám tưởng tượng, hãy dám hành động vì một cuộc sống bền vững.",Thong_Tin_Truong
Ý kiến về quy chuẩn mới của sản phẩm đồ uống có cồn đang được Bộ Công Thương khảo sát.,Thong_Tin_Truong
"Ở IUH, số tiền học bổng cho năm học 2025 - 2026 lên đến 80 tỷ: giáo dục không chỉ nuôi dưỡng kiến thức mà còn bảo tồn những ước mơ.",Thong_Tin_Truong
"Sự kiện chào mừng tân sinh viên: Đại học Công nghiệp TP.HCM vinh danh các thủ khoa, phát học bổng và tri ân những doanh nghiệp hỗ trợ.",Thong_Tin_Truong
"Trường Đại học Công nghiệp Thành phố Hồ Chí Minh đã khởi động chương trình hành động để thực hiện các nghị quyết về khoa học công nghệ, đổi mới sáng tạo và chuyển đổi số.",Thong_Tin_Truong
"Tại Đại học Công nghiệp TP.HCM, các hoạt động nghiên cứu khoa học và công nghệ năm 2024 được vinh danh và khen thưởng một cách trang trọng.",Thong_Tin_Truong
Sự ký kết hợp tác giữa trường Đại học Công nghiệp TP.HCM và Roboworld nhằm thúc đẩy nghiên cứu cũng như chương trình đào tạo trong lĩnh vực robot đã được thực hiện.,Thong_Tin_Truong
Đảng viên của trường Đại học Công nghiệp TP. Hồ Chí Minh đã vinh dự được trao huy hiệu đảng trong lễ quốc khánh.,Thong_Tin_Truong
"Kết nối giữa giáo dục và doanh nghiệp, Đại học Công nghiệp TP.HCM hợp tác với Huỳnh Thy để phát triển nguồn nhân lực chất lượng cao.",Thong_Tin_Truong
"Đại học Công nghiệp TP.HCM ghi nhận rằng 100% cán bộ, viên chức và nhân viên lao động đã tham gia tập huấn an toàn vệ sinh lao động.",Thong_Tin_Truong
Trường Đại học Công nghiệp TP.HCM đồng hành cùng lớp trẻ: Lê Minh Quân đã được vinh danh trong số 47 học sinh tiêu biểu của Công đoàn Công thương Việt Nam.,Thong_Tin_Truong
Trường Đại học Công nghiệp TP.HCM hướng đến việc cải thiện chất lượng nguồn nhân lực trong giáo dục.,Thong_Tin_Truong
Đại học Công nghiệp TP.HCM đã khánh thành phòng thí nghiệm hiện đại phục vụ cho việc thiết kế vi mạch và đo kiểm.,Thong_Tin_Truong
Việc thành lập chi hội vô tuyến - điện tử ở Đại học Công nghiệp TP.HCM thể hiện bước tiến mới trong lĩnh vực nghiên cứu và hợp tác.,Thong_Tin_Truong
"Trong chuyến đi sang Nga, 5 sinh viên trường Đại học Công nghiệp TP.HCM đã tham gia chương trình trao đổi về điện hạt nhân, đánh dấu bước tiến trong sự hợp tác quốc tế cho ngành đào tạo mới.",Thong_Tin_Truong
Những gương mặt nào từ trường đại học công nghiệp TP.HCM đã xuất sắc vượt qua 140 đối thủ để trở thành quán quân meca?,Thong_Tin_Truong
"Chào mừng đại hội đại biểu Đảng bộ Bộ Công Thương lần thứ nhất, cho nhiệm kỳ 2025 - 2030.",Thong_Tin_Truong
Có thêm 7 chương trình của Đại học Công nghiệp TP.HCM vừa được công nhận đạt chuẩn AUN-QA với mức độ cao.,Thong_Tin_Truong
Lan tỏa giá trị bác ái của IUH: hành trình sẻ chia tình thương đến những nơi còn nhiều khó khăn.,Thong_Tin_Truong
Chương trình hội nghị tổng kết công tác thi đua khen thưởng cho khối thi đua số 10 trong năm học 2024-2025 sắp diễn ra.,Thong_Tin_Truong
thông điệp chúc mừng nhân dịp kỷ niệm 100 năm ngày báo chí cách mạng Việt Nam (21/6/1925 - 21/6/2025),Thong_Tin_Truong
Điểm sàn đánh giá năng lực đã được Đại học Công nghiệp TP.HCM công bố chính thức.,Thong_Tin_Truong
"Khối C vẫn phát triển mạnh mẽ tại ngôi trường kỹ thuật hàng đầu: Đại học Công nghiệp TP.HCM, mở ra nhiều cơ hội trong lĩnh vực luật pháp.",Thong_Tin_Truong
Nhiệm kỳ 2025 - 2030 của đại hội đại biểu đảng bộ trường Đại học Công nghiệp TP.HCM đã diễn ra thành công tốt đẹp.,Thong_Tin_Truong
"Tại Đại học Công nghiệp TP.HCM, việc kiện toàn xây dựng Đảng được thực hiện để tôn vinh không gian văn hóa Hồ Chí Minh, hướng tới đại hội đại biểu Đảng bộ nhà trường trong thời gian tới.",Thong_Tin_Truong
"Đại học Công nghiệp TP.HCM đã nỗ lực trong 5 năm qua để kết nối mạnh mẽ với các doanh nghiệp, đồng hành cùng sinh viên trong hành trình học tập.",Thong_Tin_Truong
"Trường Đại học Công nghiệp TP.HCM đang tích cực phát triển nghiên cứu, xác lập vị thế của mình từ học thuật đến thị trường.",Thong_Tin_Truong
"Hội nghị giao lưu giữa nhà trường và sinh viên vào năm 2025: Phát huy tinh thần dân chủ, coi trọng tiếng nói của các bạn học.",Thong_Tin_Truong
"Tại Bến Tre, Đại học Công nghiệp TP.HCM đã tiến hành khánh thành cầu giao thông, lan tỏa tinh thần nhân văn, giúp kết nối cộng đồng và lấy cảm hứng từ tấm gương vĩ đại của Bác Hồ.",Thong_Tin_Truong
Xe ô tô phục vụ đào tạo đã được Mitsubishi Việt Nam tiếp tục trao cho Đại học Công nghiệp TP.HCM.,Thong_Tin_Truong
Đại học Công nghiệp TP.HCM hòa cùng nhịp đập của cả nước: tự hào kỷ niệm 50 năm ngày giải phóng miền Nam - thống nhất đất nước.,Thong_Tin_Truong
"Lần đầu tiên, Đại học Công nghiệp TP.HCM tiến hành đánh giá chất lượng cấp cơ sở theo tiêu chí AUN-QA.",Thong_Tin_Truong
Đại học Công nghiệp TP.HCM đã có những bước đi vững chắc trong khởi nghiệp và vinh dự nhận bằng khen của Bộ trưởng Bộ Giáo dục và Đào tạo.,Thong_Tin_Truong
Hội nghị khoa học quốc tế BAIC lần thứ 2 sẽ diễn ra vào năm 2025 tại trường Đại học Công nghiệp TP.HCM.,Thong_Tin_Truong
"Tại IUH, sẽ diễn ra một hội thảo nhằm giới thiệu về các biện pháp phòng vệ thương mại, với ý nghĩa cung cấp kiến thức chiến lược trong bối cảnh hội nhập quốc tế.",Thong_Tin_Truong
Đại học Công nghiệp TP.HCM tổ chức lễ khai mạc đánh giá chất lượng 03 chương trình đào tạo đại học theo tiêu chuẩn AUN-QA.,Thong_Tin_Truong
Đại học Công nghiệp TP. Hồ Chí Minh đã tổ chức lễ khánh thành phòng thí nghiệm robot cùng với việc tiếp nhận thiết bị từ ABB Việt Nam.,Thong_Tin_Truong
"Kỳ thi đánh giá năng lực đại học quốc gia TP.HCM, đợt 1 tại cụm 10 (IUH) đã được tổ chức an toàn và đúng theo quy chế.",Thong_Tin_Truong
Chương trình hội thảo về phát triển năng lực quản trị tài sản trí tuệ của Cục Sở hữu trí tuệ sẽ diễn ra tại Đại học Công nghiệp Thành phố Hồ Chí Minh.,Thong_Tin_Truong
Đại học Công nghiệp TP.HCM đẩy mạnh việc hợp tác và trao đổi với các doanh nghiệp trong bối cảnh kỷ nguyên AI.,Thong_Tin_Truong
Thí sinh nên xem xét checklist quan trọng trong tuần cuối trước kỳ thi đánh giá năng lực để không bỏ lỡ điều gì!,Thong_Tin_Truong
Trải nghiệm tham quan kết hợp việc học tập và hoạt động cộng đồng của cán bộ viên chức tại Đại học Công nghiệp TP.HCM.,Thong_Tin_Truong
"Đối với kỳ thi đánh giá năng lực 2025, thí sinh được phép mang những vật phẩm gì vào phòng thi?",Thong_Tin_Truong
Lễ khai mạc hội thảo quốc tế iukm 2025 được tổ chức tại trường Đại học Công nghiệp TP.HCM.,Thong_Tin_Truong
"Đại học Công nghiệp TP.HCM sẽ tổ chức lễ khai giảng cho các khóa đào tạo tiến sĩ, thạc sĩ, kèm theo lễ trao bằng cho các tân thạc sĩ.",Thong_Tin_Truong
Chương trình hội thảo bàn về xu hướng truyền thông quốc tế giữa Việt và Nhật.,Thong_Tin_Truong
Đại học Công nghiệp TP.HCM tổ chức hội nghị cho viên chức và người lao động vào năm 2025.,Thong_Tin_Truong
Lời chúc Xuân Ất Tỵ 2025 từ Hiệu trưởng trường Đại học Công nghiệp thành phố Hồ Chí Minh.,Thong_Tin_Truong
Nâng cao chất lượng giáo dục trong các sinh hoạt chi bộ - đại hội chi bộ 1 nhiệm kỳ 2025 - 2027.,Thong_Tin_Truong
Hội thảo về công nghệ bán dẫn và Internet vạn vật (IoT) phục vụ xã hội thông minh.,Thong_Tin_Truong
Nhìn nhận lại 10 năm xây dựng và phát triển hợp tác doanh nghiệp.,Thong_Tin_Truong
IUH đã ghi nhận 10 hoạt động và thành tựu xuất sắc trong năm học 2023 - 2024.,Thong_Tin_Truong
Nhiều cơ hội hợp tác trong việc làm và đào tạo đã xuất hiện sau chuyến công tác của hiệu trưởng Đại học Công nghiệp TP.HCM tại Nhật Bản.,Thong_Tin_Truong
"Trường Đại học Công nghiệp Thành phố Hồ Chí Minh tiếp nhận thiết bị được tài trợ cho dự án PIUS với giá trị 4,5 tỷ đồng.",Thong_Tin_Truong
Chúng tôi tại Đại học Công nghiệp TP.HCM hào hứng chào đón 18 kỹ sư vừa hoàn tất khóa đào tạo sĩ quan dự bị năm 2024.,Thong_Tin_Truong
Đại học Công nghiệp TP.HCM vừa tổ chức lễ cắt băng khánh thành hệ thống điều hòa không khí mini VRF DVM S Eco từ Samsung và hội thảo về ứng dụng IoT.,Thong_Tin_Truong
"Với hơn 2000 tân cử nhân và kỹ sư, hành trình tri thức đã được chinh phục.",Thong_Tin_Truong
Ngày hội tuyển dụng năm 2024 của Đại học Công nghiệp TP.HCM sẽ giới thiệu hơn 7000 vị trí việc làm.,Thong_Tin_Truong
Hội nghị khoa học quốc tế Asia Call XXI được tổ chức tại Đại học Công nghiệp TP.HCM.,Thong_Tin_Truong
Đại học Công nghiệp TP.HCM đã nhận được khoản tài trợ trang thiết bị trị giá trên 600 triệu đồng từ LS Electric Việt Nam.,Thong_Tin_Truong
"Tại Đại học Công nghiệp TP.HCM, hội nghị khoa học quốc tế lần thứ 7 - MAMM 2024 sẽ diễn ra.",Thong_Tin_Truong
Hội nghị khoa học lần thứ 2 được tổ chức tại Khoa Khoa Học Cơ Bản - Đại học Công nghiệp TP.HCM.,Thong_Tin_Truong
Đội Eco-Leaders của Đại học Công nghiệp TP.HCM đã tỏa sáng tại chung kết cuộc thi quản trị công ty với chủ đề phát triển bền vững 2024.,Thong_Tin_Truong
Cuộc thi Tái tạo xanh do báo Tuổi Trẻ và Liên minh Tái chế Bao bì Việt Nam tổ chức đã ghi nhận sinh viên của Đại học Công nghiệp TP.HCM giành giải nhất.,Thong_Tin_Truong
"Tại Đại học Công nghiệp TP.HCM, đoàn đánh giá ngoài AUN-QA đã thực hiện đánh giá chất lượng 04 chương trình đào tạo ở cấp độ đại học.",Thong_Tin_Truong
Đại học Công nghiệp TP.HCM vừa chính thức ký kết hợp tác MOU với liên danh Hanabi Group - Hashimotogumi.,Thong_Tin_Truong
Đại học Công nghiệp TP.HCM sẽ tiến hành hội nghị tổng kết công tác Đoàn - Hội năm học 2023 - 2024 và đề ra nhiệm vụ cho năm học mới.,Thong_Tin_Truong
"Lễ kết nạp hội sinh viên Việt Nam và liên hoan cán bộ đoàn, đảng viên trẻ đã được tổ chức tại Đại học Công nghiệp TP.HCM.",Thong_Tin_Truong
Đại học Công nghiệp TP.HCM đã vinh danh 9 thủ khoa đầu vào tại lễ khai giảng cho năm học 2024 - 2025.,Thong_Tin_Truong
Hoạt động nghiên cứu khoa học và công nghệ năm 2023 sẽ được vinh danh và trao thưởng tại trường Đại học Công nghiệp TP.HCM.,Thong_Tin_Truong
Đêm đại nhạc hội chào đón tân sinh viên tại Đại học Công nghiệp TP.HCM đã diễn ra với không khí bùng cháy.,Thong_Tin_Truong
Tiếng trống thiêng liêng đã rộn ràng chào đón năm học mới 2024 - 2025 ở Đại học Công nghiệp TP.HCM.,Thong_Tin_Truong
Sẽ có một hội thảo về giải pháp làm sạch không khí và chương trình học bổng air filtech tại trường Đại học Công nghiệp TP.HCM.,Thong_Tin_Truong
Sự kiện tổng kết innogreenlife2023 và khai mạc innogreenlife2024 - cuộc thi đổi mới sáng tạo vì cuộc sống xanh sẽ diễn ra trong thời gian tới.,Thong_Tin_Truong
Sinh viên đầu khóa K20 sẽ tham gia vào hoạt động sinh hoạt công dân tại Đại học Công nghiệp TP.HCM.,Thong_Tin_Truong
Chủ đề kết nối tri thức - xây dựng cộng đồng thanh niên châu Á trong dự án eurasia đã được khai mạc tại Đại học Công nghiệp TP.HCM.,Thong_Tin_Truong
Chương trình đi bộ đồng hành vì người nghèo năm 2024 đã thu hút sự tham gia của 400 viên chức và sinh viên từ Đại học Công nghiệp TP.HCM.,Thong_Tin_Truong
Lễ tốt nghiệp năm 2024 của Đại học Công nghiệp TP. Hồ Chí Minh đã chứng kiến sự gia nhập của hơn 3000 tân cử nhân và kỹ sư vào thị trường lao động.,Thong_Tin_Truong
"Hội nghị khoa học trẻ lần thứ 6 năm 2024 sẽ được tổ chức với chủ đề về khoa học công nghệ xanh, xây dựng một cuộc sống xanh.",Thong_Tin_Truong
Vòng chung kết của cuộc thi thực phẩm và dinh dưỡng diễn ra tại trường Đại học Công nghiệp TP.HCM (IUH).,Thong_Tin_Truong
Hơn 800 suất học bổng Nguyễn Đức Cảnh đã được trao cho các em học sinh trong năm học 2023 - 2024 tại Trường Đại học Công nghiệp TP.HCM.,Thong_Tin_Truong
Chương trình tập huấn về phương pháp giảng dạy tiếng Việt cho người nước ngoài đã được khai mạc tại Đại học Công nghiệp TP.HCM.,Thong_Tin_Truong
"Hội nghị khoa học quốc gia lần thứ 2 về năng lượng, điện tử và tự động hóa (EEA 2025) sẽ được tổ chức bởi Đại học Công nghiệp TP.HCM.",Thong_Tin_Truong
"Tại Lào, cụ thể là Champasak, Đại học Công nghiệp TP.HCM đã trao hệ thống lọc nước RO và quà tặng với tổng giá trị đạt 200 triệu đồng.",Thong_Tin_Truong
"Tại Đại học Công nghiệp TP.HCM, chung kết cuộc thi khởi nghiệp đổi mới sáng tạo với chủ đề vì cuộc sống xanh lần 3 sẽ được tổ chức.",Thong_Tin_Truong
Chương trình khai mạc đánh giá chất lượng cho đào tạo thạc sĩ theo tiêu chuẩn AUN-QA đã diễn ra.,Thong_Tin_Truong
Ngành công nghiệp ô tô tại Đại học Công nghiệp TP.HCM được hỗ trợ bởi Nhật Bản để nâng cao chất lượng đào tạo kỹ sư và kỹ thuật viên.,Thong_Tin_Truong
Đại học Công nghiệp TP.HCM vừa tổ chức bế mạc khảo sát chính thức để đánh giá chất lượng đào tạo trình độ đại học và thạc sĩ theo tiêu chuẩn MOET.,Thong_Tin_Truong
Mừng ngày sinh nhật bác nhé!,Thong_Tin_Truong
"Tại Đại học Công nghiệp TP.HCM, Nam A Bank mang đến trải nghiệm văn hóa trà Việt.",Thong_Tin_Truong
Sự kiện bế mạc hội giảng môn học giáo dục thể chất cho năm học 2023 - 2024 đã diễn ra.,Thong_Tin_Truong
Ngày hội tuyển dụng tại Đại học Công nghiệp TP.HCM năm 2024 sẽ có hàng nghìn cơ hội việc làm.,Thong_Tin_Truong
Chương trình bế mạc và lễ trao giải cho hội thao tại Đại học Công nghiệp thành phố Hồ Chí Minh.,Thong_Tin_Truong
Lễ khai mạc hội giảng môn giáo dục thể chất cấp trường cho năm học 2023 - 2024.,Thong_Tin_Truong
Trường Đại học Công nghiệp TP.HCM sẽ tổ chức nhiều hoạt động nhằm chào mừng Ngày Quốc tế Phụ nữ.,Thong_Tin_Truong
Hội nghị tổng kết công tác Đảng năm 2023 và đề ra phương hướng nhiệm vụ cho năm 2024.,Thong_Tin_Truong
"4. Năm 2023, 10 sự kiện và thành tựu xuất sắc đã được trường Đại học Công nghiệp TP.HCM thiết lập.",Thong_Tin_Truong
Hội nghị tổng kết các hoạt động của công đoàn tại trường Đại học Công nghiệp TP.HCM trong năm học 2022 - 2023 sẽ được tổ chức.,Thong_Tin_Truong
Trường Đại học Công nghiệp TP. Hồ Chí Minh đã công bố quyết định bổ nhiệm chức danh phó giáo sư.,Thong_Tin_Truong
Sinh viên của trường Đại học Công nghiệp TP.HCM đã gây ấn tượng mạnh tại cuộc thi Olympic Tin học và Lập trình viên Quốc tế châu Á năm 2023.,Thong_Tin_Truong
Trường Đại học Công nghiệp TP.HCM tổ chức sự kiện lễ bế giảng và trao bằng tốt nghiệp năm 2023 một cách trang trọng.,Thong_Tin_Truong
"Hội thảo nhằm cải tiến cách thức giảng dạy kỹ năng làm việc nhóm, nhằm tăng cường khả năng thích ứng trong bối cảnh hội nhập toàn cầu.",Thong_Tin_Truong
Đại học Công nghiệp TP.HCM đang tiến hành tổ chức huấn luyện bắn đạn thật dành cho lực lượng tự vệ.,Thong_Tin_Truong
Ngày hội tuyển dụng tại Đại học Công nghiệp TP.HCM 2023 có sự góp mặt của hơn 50 doanh nghiệp săn lùng nhân tài.,Thong_Tin_Truong
Hội nghị khoa học trẻ lần thứ 5 - năm 2023 sẽ diễn ra với chủ đề tri thức trẻ trong kỷ nguyên số.,Thong_Tin_Truong
Giọt lệ hạnh phúc của cha mẹ trong ngày con yêu trở thành tân cử nhân tại Đại học Công nghiệp TP.HCM.,Thong_Tin_Truong
Kỷ niệm 41 năm Ngày Nhà giáo Việt Nam 20/11 sẽ diễn ra tại trường Đại học Công nghiệp Thành phố Hồ Chí Minh.,Thong_Tin_Truong
"Đại học Công nghiệp TP.HCM vinh danh 31 gương mặt tiêu biểu trong số các nhà giáo trẻ và cán bộ, viên chức trẻ, xuất sắc, thân thiện vào năm 2023.",Thong_Tin_Truong
Ngày Nhà giáo Việt Nam tại Đại học Công nghiệp TP.HCM đã diễn ra với hội diễn văn nghệ đầy ấn tượng.,Thong_Tin_Truong
Khoa Công nghệ Nhiệt lạnh đã trải qua 20 năm phát triển và hình thành vững mạnh.,Thong_Tin_Truong
Buổi hội thảo sẽ thảo luận về liệu pháp mitsui onnetsu cùng với các ứng dụng trong công tác hỗ trợ điều trị bệnh.,Thong_Tin_Truong
Hội nghị khoa học quốc tế về công nghệ năng lượng bền vững tổ chức tại trường Đại học Công nghiệp TP.HCM.,Thong_Tin_Truong
Lễ khai mạc hội giảng cấp trường cho năm học 2023 - 2024 sẽ diễn ra.,Thong_Tin_Truong
Giáo sư từ Hoa Kỳ tham gia hội thảo về việc ứng dụng công nghệ nano trong lĩnh vực an toàn thực phẩm và nông nghiệp tổ chức tại Đại học Công nghiệp TP.HCM.,Thong_Tin_Truong
Đợt đánh giá các chương trình đào tạo theo tiêu chuẩn AUN-QA lần thứ 353 đã chính thức khai mạc tại Đại học Công nghiệp TP.HCM.,Thong_Tin_Truong
Trường Đại học Công nghiệp TP. Hồ Chí Minh nhận tài trợ thiết bị giảng dạy từ Rynan Technologies Vietnam.,Thong_Tin_Truong
Cuộc thi đổi mới sáng tạo vì cuộc sống xanh - innogreenlife đã dẫn đến việc hình thành doanh nghiệp spin-off từ dự án.,Thong_Tin_Truong
"Buổi lễ khai giảng dành cho tiến sĩ khóa 7a, thạc sĩ khóa 13a và nghi thức trao bằng tốt nghiệp năm 2023 sẽ được tổ chức.",Thong_Tin_Truong
Vai trò của các trường đại học khởi nghiệp trong việc hình thành và phát triển nền kinh tế xã hội là gì?,Thong_Tin_Truong
Chương trình phát động cuộc thi sinh viên kinh doanh số 2023.,Thong_Tin_Truong
"Hội thảo khoa học tại trường đại học về khởi nghiệp - tác động và vai trò đối với kinh tế, văn hóa và xã hội.",Thong_Tin_Truong
Cách thức thực hiện nhập học cho năm học 2023 - 2024.,Thong_Tin_Truong
Các thông tin cần thiết mà tân sinh viên cần nắm để có thể vượt qua hành trình đại học một cách suôn sẻ.,Thong_Tin_Truong
Lễ trao giải học bổng Nguyễn Đức Cảnh cho năm học 2022 - 2023 và vinh danh các gia đình tiêu biểu xuất sắc năm 2023 sẽ được tổ chức.,Thong_Tin_Truong
Công bố các quyết định bổ nhiệm cũng như quyết định tái bổ nhiệm viên chức quản lý.,Thong_Tin_Truong
Giải nhì cuộc thi meca 2023 thuộc về sinh viên khoa công nghệ điện tài năng.,Thong_Tin_Truong
Hội thảo về nghiên cứu khoa học của sinh viên khoa Công nghệ Nhiệt lạnh lần thứ 5 sẽ diễn ra vào năm 2023.,Thong_Tin_Truong
"Sau khi tốt nghiệp ngành kỹ thuật điện và năng lượng tái tạo, sinh viên có thể làm việc trong các lĩnh vực nào?",Thong_Tin_Truong
Hội nghị sơ kết giữa nhiệm kỳ về việc thực hiện nghị quyết Đại hội Đảng bộ của trường Đại học Công nghiệp TP.HCM.,Thong_Tin_Truong
Hội nghị về khoa học và công nghệ thực phẩm toàn quốc năm 2023 - Trường Đại học Công nghiệp TP.HCM (IUH),Thong_Tin_Truong
Lễ công bố quyết định về việc bổ nhiệm viên chức quản lý.,Thong_Tin_Truong
Lễ tôn vinh và khen thưởng các hoạt động nghiên cứu khoa học và công nghệ trong năm 2022.,Thong_Tin_Truong
"Sự kiện đại hội đại biểu công đoàn trường Đại học Công nghiệp TP.HCM lần thứ XVI, nhiệm kỳ 2023 - 2028 đã diễn ra thành công tốt đẹp.",Thong_Tin_Truong
Gần 6.000 sinh viên tham gia vào ngày hội tuyển dụng việc làm năm 2023 tại Đại học Công nghiệp TP.HCM.,Thong_Tin_Truong
Đại học Công nghiệp TP.HCM sẽ tiếp tục kiện toàn và phát triển đội ngũ lãnh đạo quản lý.,Thong_Tin_Truong
Hội thảo hướng dẫn quy trình kê khai tài sản và thu nhập cho từng cá nhân.,Thong_Tin_Truong
"Đại hội đại biểu Hội Sinh viên Việt Nam lần thứ VIII, nhiệm kỳ 2023 - 2025 tại Trường Đại học Công nghiệp TP.HCM đã diễn ra thành công tốt đẹp.",Thong_Tin_Truong
Buổi đối thoại giữa lãnh đạo trường và sinh viên trong năm 2023.,Thong_Tin_Truong
Đại học Công nghiệp TP.HCM vừa tổ chức lễ bế mạc cho đợt đánh giá lần thứ 325 các chương trình đào tạo theo tiêu chuẩn AUN-QA.,Thong_Tin_Truong
41 tổ công đoàn cơ sở thuộc trường Đại học Công nghiệp TP.HCM đã tổ chức hội nghị tổ công đoàn một cách thành công và tốt đẹp.,Thong_Tin_Truong
"Tại Đại học Công nghiệp TP.HCM, đợt đánh giá các chương trình đào tạo theo tiêu chuẩn AUN-QA lần thứ 325 đã chính thức khai mạc.",Thong_Tin_Truong
"Lễ công bố quyết định và trao giấy chứng nhận đạt tiêu chuẩn kiểm định chất lượng cấp cơ sở giáo dục, đồng thời xếp hạng đối sánh UPM cho các chương trình đào tạo.",Thong_Tin_Truong
Chúng tôi tự hào thông báo rằng đội tuyển của Đại học Công nghiệp TP.HCM đã có thành tích nổi bật tại kỳ thi Olympic Toán học Sinh viên 2023.,Thong_Tin_Truong
Việc phát triển nông nghiệp xanh được sinh viên thực hiện thông qua công nghệ IoT.,Thong_Tin_Truong
Cuộc thi học sinh - sinh viên năm 2023 đã chứng kiến sinh viên Đại học Công nghiệp TP.HCM xuất sắc giành giải nhất với ý tưởng khởi nghiệp.,Thong_Tin_Truong
tôn vinh giá trị của những người phụ nữ mà tôi yêu năm 2023,Thong_Tin_Truong
Cuộc thi SV-Startup lần thứ 5 đã ghi nhận hai dự án của sinh viên trường Đại học Công nghiệp TP.HCM vào vòng chung kết.,Thong_Tin_Truong
"Chúng ta tôn vinh phụ nữ, phái đẹp - chương trình nhân Ngày Quốc tế Phụ nữ tại trường Đại học Công nghiệp TP.HCM.",Thong_Tin_Truong
Buổi lễ trao tặng huy hiệu 30 năm tuổi Đảng.,Thong_Tin_Truong
Năm 2023 sẽ diễn ra hội nghị cho viên chức và người lao động.,Thong_Tin_Truong
Quyết định bổ nhiệm phó hiệu trưởng vừa được công bố bởi Đại học Công nghiệp TP.HCM.,Thong_Tin_Truong
4 bộ kit lập trình PLC S7-1200 đã được estec trao cho Đại học Công nghiệp TP.HCM.,Thong_Tin_Truong
Đại học Công nghiệp TP.HCM đã công bố 10 sự kiện và thành tựu tiêu biểu trong năm 2022.,Thong_Tin_Truong
Trường Đại học Công nghiệp TP.HCM đã bế mạc đợt khảo sát chính thức để kiểm định chất lượng giáo dục cơ sở.,Thong_Tin_Truong
Chính thức triển khai khảo sát kiểm định chất lượng giáo dục chu kỳ 2 tại trường Đại học Công nghiệp Thành phố Hồ Chí Minh.,Thong_Tin_Truong
Khoa công nghệ điện đã có sinh viên xuất sắc giành á quân và quý quân trong cuộc thi ứng dụng phần mềm SCADA Genesis64 cho việc số hóa nhà máy.,Thong_Tin_Truong
Trường Đại học Công nghiệp TP.HCM đang tiến hành cuộc khảo sát sơ bộ nhằm kiểm định chất lượng giáo dục cho chu kỳ thứ hai.,Thong_Tin_Truong
Sự kiện hội nghị quốc tế về công nghệ tiên tiến trong nông nghiệp vì sự phát triển bền vững năm 2022 (faatsd 2022),Thong_Tin_Truong
Hơn 800 nhà khoa học đã có mặt tại hội nghị quốc tế liên quan đến công nghệ tiên tiến và phát triển bền vững.,Thong_Tin_Truong
Chương trình khai mạc hội nghị khoa học quốc tế lần thứ hai năm 2022 đã diễn ra thành công.,Thong_Tin_Truong
Hội nghị tổng kết các hoạt động của công đoàn trường Đại học Công nghiệp TP.HCM cho năm học 2021 - 2022.,Thong_Tin_Truong
Công tác chuẩn bị cho hội nghị khoa học quốc tế lần thứ hai đã được hoàn tất tại Trường Đại học Công nghiệp TP.HCM.,Thong_Tin_Truong
Trường Đại học Công nghiệp TP.HCM đã tổ chức chuỗi sự kiện chào mừng 40 năm ngày nhà giáo Việt Nam.,Thong_Tin_Truong
"Gửi đến quý thầy cô nhân dịp kỷ niệm 40 năm Ngày Nhà giáo Việt Nam, Bộ trưởng Bộ Công Thương xin gửi lời chúc mừng nồng nhiệt tới tất cả những người làm nghề dạy học.",Thong_Tin_Truong
Đại học Công nghiệp TP.HCM sẽ tổ chức một diễn đàn thông tin về giáo dục đại học cùng các cơ hội nhận học bổng tại Hungary.,Thong_Tin_Truong
Hội nghị năm 2022 nhằm kết nối các doanh nghiệp với cựu sinh viên của trường.,Thong_Tin_Truong
"Chủ đề công nghệ tiên tiến và phát triển bền vững sẽ là nội dung chính trong hội nghị khoa học quốc tế lần thứ hai năm 2022, dự kiến diễn ra vào cuối tháng 11.",Thong_Tin_Truong
Bộ trưởng Bộ Công Thương Nguyễn Hồng Diên tham gia lễ khai giảng tại trường Đại học Công nghiệp TP. Hồ Chí Minh.,Thong_Tin_Truong
Đại học Công nghiệp TP.HCM đang tích cực thúc đẩy quá trình đổi mới toàn diện nhằm xây dựng nguồn nhân lực chất lượng cao.,Thong_Tin_Truong
Lễ khai giảng năm học 2022 - 2023 sẽ được tổ chức trọng thể tại Đại học Công nghiệp Thành phố Hồ Chí Minh.,Thong_Tin_Truong
Đại học Công nghiệp TP.HCM tổ chức hội nghị khoa học trẻ lần thứ 4 vào năm 2022 - nơi khơi dậy niềm đam mê nghiên cứu khoa học cho các bạn trẻ.,Thong_Tin_Truong
Kết thúc hợp tác doanh nghiệp sẽ tạo điều kiện cho việc chuyển giao công nghệ và thúc đẩy các hoạt động nghiên cứu khoa học.,Thong_Tin_Truong
"Đại học Công nghiệp TP.HCM được đánh giá đạt chuẩn 5 sao trong bảng xếp hạng UPM, dành cho các trường đại học có định hướng ứng dụng.",Thong_Tin_Truong
Có 06 chương trình đào tạo của Đại học Công nghiệp TP.HCM đạt được chứng nhận kiểm định từ ABET.,Thong_Tin_Truong
Chi bộ 25 đã tổ chức đại hội điểm thành công cho nhiệm kỳ 2022-2025.,Thong_Tin_Truong
Hội nghị sơ kết tình hình công tác của đảng bộ trong 6 tháng đầu năm và triển khai nhiệm vụ cho 6 tháng cuối năm 2022.,Thong_Tin_Truong
Lễ khánh thành phòng thí nghiệm trọng điểm Smart Grid thuộc Khoa Công nghệ Điện.,Thong_Tin_Truong
Buổi tiếp đón và làm việc giữa đoàn công tác Sở Khoa học và Công nghệ tỉnh Lâm Đồng và trường Đại học Công nghiệp TP.HCM đã diễn ra thành công.,Thong_Tin_Truong
"Hiệu trưởng của Trường Đại học Công nghiệp TP.HCM đã ghi nhận thành quả xuất sắc trong việc học tập và thực hiện tư tưởng, đạo đức, phong cách Hồ Chí Minh trong năm học 2021 - 2022.",Thong_Tin_Truong
Hai giải nhì chung cuộc của cuộc thi meca 2021 - 2022 đã thuộc về sinh viên xuất sắc của khoa công nghệ điện.,Thong_Tin_Truong
"Tại trường Đại học Công nghiệp TP.HCM, Hội Nước Sạch và Môi Trường Việt Nam đã thiết lập văn phòng đại diện.",Thong_Tin_Truong
Ngày hội tuyển dụng năm 2022 thu hút sự tham gia của 000 sinh viên.,Thong_Tin_Truong
"Trường Đại học Công nghiệp Thành phố Hồ Chí Minh long trọng tổ chức lễ trao giấy chứng nhận kiểm định chất lượng giáo dục và công bố quyết định cho 12 chương trình đào tạo của năm 2021, 2022.",Thong_Tin_Truong
Hành trình tới huyện đảo Trường Sa và nhà giàn DK1.,Thong_Tin_Truong
Lớp học tập huấn về dịch vụ chăm sóc khách hàng trong đào tạo quốc tế và sau đại học sẽ chính thức khai giảng sắp tới.,Thong_Tin_Truong
"Với việc áp dụng lý thuyết vào thực tế, các sinh viên ngành kế toán - kiểm toán tại Đại học Công nghiệp TP.HCM có thể bắt đầu làm việc ngay khi ra trường?",Thong_Tin_Truong
Công dân năng động - thay đổi tư duy trong việc phục vụ cho cộng đồng.,Thong_Tin_Truong
Sự kiện Ngày Sách và Văn hóa Đọc Việt Nam lần thứ 9 sẽ diễn ra vào ngày 21/4 tại trường Đại học Công nghiệp thành phố Hồ Chí Minh.,Thong_Tin_Truong
Diễn đàn về phương pháp giảng dạy từ các vấn đề thực tiễn.,Thong_Tin_Truong
Tuyển sinh cao học năm 2022 đã trải qua nhiều thay đổi quan trọng.,Thong_Tin_Truong
"Đại hội của hội viên hội cựu chiến binh trường Đại học Công nghiệp TP. Hồ Chí Minh sẽ diễn ra lần thứ V, nhiệm kỳ 2022 - 2027.",Thong_Tin_Truong
Hội nghị đối thoại giữa sinh viên và lãnh đạo trường diễn ra vào năm 2022.,Thong_Tin_Truong
Hội nghị được tổ chức với mục đích tuyên truyền kỷ niệm 87 năm ngày truyền thống của dân quân tự vệ Việt Nam (28/03/1935 - 28/03/2022).,Thong_Tin_Truong
Giải nhất cuộc thi innogreenlife 2021 đã thuộc về d-health.,Thong_Tin_Truong
Lễ bế mạc của cuộc thi đổi mới sáng tạo nhằm hướng tới cuộc sống xanh - innogreenlife2021 sắp diễn ra.,Thong_Tin_Truong
Chương trình cử nhân kế toán - kiểm toán của Đại học Công nghiệp TP.HCM nằm trong top 5% các cơ sở giáo dục đáp ứng yêu cầu của Hiệp hội Kế toán Công chứng Úc.,Thong_Tin_Truong
Chuyên ngành công nghệ kỹ thuật nhiệt chưa bao giờ kém phần hấp dẫn.,Thong_Tin_Truong
Đại học Công nghiệp Thành phố Hồ Chí Minh xuất sắc đạt giải ba tại cuộc thi EPICS về dự án kỹ thuật phục vụ cộng đồng.,Thong_Tin_Truong
Sinh viên của trường Đại học Công nghiệp thành phố Hồ Chí Minh đã nhận giải ba trong kỳ Olympic Tin học sinh viên quốc gia.,Thong_Tin_Truong
Hội nghị đại biểu viên chức và người lao động năm 2022 đã diễn ra.,Thong_Tin_Truong
ICPC Quốc gia 2021: Trường Đại học Công nghiệp TP.HCM - mùa thu hoạch bóng đá.,Thong_Tin_Truong
Đại học Công nghiệp TP.HCM đang sẵn sàng mở cửa chào đón sinh viên trở lại lớp học.,Thong_Tin_Truong
Lễ bế mạc khảo sát chính thức để đánh giá chất lượng các chương trình đào tạo bậc thạc sĩ và đại học tại Đại học Công nghiệp TP.HCM đã diễn ra.,Thong_Tin_Truong
Đại học Công nghiệp TP.HCM sẽ tổ chức lễ tuyên dương sinh viên 5 tốt cho năm học 2020 - 2021 một cách trang trọng.,Thong_Tin_Truong
Lễ khai mạc đợt khảo sát chính thức nhằm đánh giá chất lượng các chương trình đào tạo trình độ thạc sĩ và đại học tại Đại học Công nghiệp TP.HCM.,Thong_Tin_Truong
Đại học Công nghiệp Thành phố Hồ Chí Minh đã sẵn sàng cho quá trình đánh giá ngoài của các chương trình đào tạo bậc thạc sĩ và đại học.,Thong_Tin_Truong
Hội nghị tổng kết công tác Đảng năm 2021 và triển khai phương hướng nhiệm vụ cho năm 2022 sẽ được tổ chức.,Thong_Tin_Truong
Giảng viên của khoa công nghệ hóa học truyền cảm hứng và niềm đam mê nghiên cứu khoa học cho sinh viên.,Thong_Tin_Truong
Trường Đại học Công nghiệp TP. Hồ Chí Minh tổ chức lễ công bố quyết định thành lập và ra mắt các nhóm nghiên cứu.,Thong_Tin_Truong
Buổi lễ trao huy hiệu 30 năm tuổi đảng sẽ diễn ra vào thời gian sắp tới.,Thong_Tin_Truong
Hội nghị khoa học về khởi nghiệp và đổi mới sáng tạo diễn ra vào năm 2021.,Thong_Tin_Truong
Chúng tôi đã nâng cấp từ trường trung cấp nghề lên thành một trường đại học 4 sao.,Thong_Tin_Truong
Hội thảo về các giải pháp nhằm thúc đẩy việc hình thành doanh nghiệp khởi nghiệp từ việc khai thác tài sản trí tuệ tại các trường đại học và viện nghiên cứu.,Thong_Tin_Truong
Bộ trưởng Bộ Công Thương gửi lời chúc mừng nhân dịp ngày Nhà giáo Việt Nam 20-11.,Thong_Tin_Truong
Lễ khai giảng cho năm học 2021 - 2022 đã được tổ chức.,Thong_Tin_Truong
Hội giảng năm 2021 được khai mạc với chủ đề giảng dạy trực tuyến hiệu quả.,Thong_Tin_Truong
"Tại Đại học Công nghiệp TP.HCM, đợt đánh giá chương trình đào tạo theo tiêu chuẩn AUN-QA lần thứ 240 đã chính thức được khai mạc.",Thong_Tin_Truong
Đại học Công nghiệp TP.HCM đạt tiêu chuẩn 4 sao quốc tế trong đánh giá QS Stars.,Thong_Tin_Truong
Đại học Công nghiệp TP.HCM thực hiện tổng duyệt cho đợt đánh giá chương trình đào tạo theo tiêu chí AUN-QA.,Thong_Tin_Truong
Các bạn tân sinh viên K17 cần lưu ý một số điều quan trọng.,Thong_Tin_Truong
"Tại Đại học Công nghiệp TP.HCM, nhóm nghiên cứu đóng vai trò quyết định trong việc thúc đẩy hoạt động nghiên cứu khoa học.",Thong_Tin_Truong
Hoạt động đầu khóa online - k17 thật khác biệt ở Đại học Công nghiệp TP.HCM.,Thong_Tin_Truong
Hội thảo khoa học số 3: Xu hướng phát triển ngành kỹ thuật nhiệt và vai trò của sinh viên trong thời đại 4.0.,Thong_Tin_Truong
Hội thảo về các nghiên cứu tiên tiến trong lĩnh vực khoa học nhiệt và lưu chất sẽ được tổ chức.,Thong_Tin_Truong
"Lời động viên từ Bộ trưởng Bộ Công Thương được gửi đến cán bộ, công chức, viên chức và người lao động ở các đơn vị của bộ tại những tỉnh, thành phố có dịch bệnh.",Thong_Tin_Truong
"Năm 2021, hội nghị khoa học trẻ lần 3 với chủ đề: Tri thức trẻ trong thời đại công nghệ 4.0.",Thong_Tin_Truong
Hội thi Kiến trúc trẻ năm 2021 - một sân chơi học thuật độc đáo trong mùa Covid.,Thong_Tin_Truong
Chương trình hội thảo nghiên cứu khoa học sinh viên của khoa quản trị kinh doanh - iuhbass iii sẽ diễn ra.,Thong_Tin_Truong
Hội thảo lần thứ hai về nghiên cứu khoa học sinh viên của khoa Thương mại và Du lịch được tổ chức trong năm 2021.,Thong_Tin_Truong
Hội nghị khoa học sinh viên năm 2021 đã được tổ chức bởi khoa Tài chính - Ngân hàng.,Thong_Tin_Truong
Hội thảo sẽ thảo luận về việc xác định hướng nghiên cứu cho luận văn thạc sĩ ngành quản trị kinh doanh.,Thong_Tin_Truong
3 phó hiệu trưởng đã được bổ nhiệm cho trường Đại học Công nghiệp TP.HCM.,Thong_Tin_Truong
Sự kiện khai mạc hội thảo toàn quốc nghiên cứu và phát triển các sản phẩm tự nhiên lần thứ 7 đã được tổ chức.,Thong_Tin_Truong
Đẩy mạnh liên kết đào tạo để phát triển nguồn nhân lực đạt tiêu chuẩn cao.,Thong_Tin_Truong
Buổi tọa đàm giữa lãnh đạo trường và sinh viên diễn ra vào năm 2021.,Thong_Tin_Truong
Hội nghị năm 2021 cho viên chức và người lao động đại diện.,Thong_Tin_Truong
Trường Đại học Công nghiệp Thành phố Hồ Chí Minh đã tổ chức lễ trao quyết định bổ nhiệm cho giáo sư và phó giáo sư.,Thong_Tin_Truong
Đại học Công nghiệp Thành phố Hồ Chí Minh đang làm việc với các doanh nghiệp để đào tạo nguồn nhân lực cho ngành kinh tế.,Thong_Tin_Truong
Chương trình tập huấn công dân tích cực và doanh nghiệp xã hội diễn ra tại trường Đại học Công nghiệp TP.HCM.,Thong_Tin_Truong
Hội nghị tổng kết công tác Đảng năm 2020 và triển khai kế hoạch nhiệm vụ cho năm 2021.,Thong_Tin_Truong
Trường Đại học Công nghiệp TP.HCM đã được công nhận trong top 50 sv-start up năm 2020.,Thong_Tin_Truong
Trường Đại học Công nghiệp TP.HCM đã chính thức ký kết hợp tác với các doanh nghiệp cùng viện nghiên cứu trong lĩnh vực nghiên cứu khoa học và chuyển giao công nghệ.,Thong_Tin_Truong
Đại học Công nghiệp TP.HCM sẽ tổ chức lễ khai giảng năm học 2020-2021 một cách long trọng.,Thong_Tin_Truong
"Đại học Công nghiệp TP.HCM sẽ tiến hành lễ khai giảng cho chương trình đào tạo tiến sĩ khóa 4 (2020 - 2022) cùng với khóa thạc sĩ 10a, đồng thời tổ chức lễ trao bằng tốt nghiệp vào tháng 3 và tháng 8 năm 2020.",Thong_Tin_Truong
Lễ trao tặng huy hiệu đảng 40 năm được tổ chức.,Thong_Tin_Truong
Sinh viên của trường Đại học Công nghiệp TP.HCM đã trở thành những kỹ sư chuyên nghiệp ra sao?,Thong_Tin_Truong
Hội thảo quốc tế hóa học và ứng dụng được tổ chức trong năm 2020.,Thong_Tin_Truong
Hội thảo lần thứ 2 về nghiên cứu khoa học dành cho sinh viên thuộc khoa quản trị kinh doanh vào năm 2020.,Thong_Tin_Truong
Sự kiện lễ ký kết hợp tác chiến lược giữa Đại học Công nghiệp Thành phố Hồ Chí Minh và Công ty Dịch vụ Môi trường Đô thị Thành phố Hồ Chí Minh đã được thực hiện.,Thong_Tin_Truong
Khóa tập huấn về phát triển các chỉ số đo lường và đánh giá (KPIs) sẽ được tổ chức.,Thong_Tin_Truong
Chúng tôi tổ chức tập huấn viết báo cáo tự đánh giá cho các cơ sở giáo dục theo tiêu chuẩn AUN-QA.,Thong_Tin_Truong
Buổi lễ công bố quyết định bổ nhiệm và bàn giao chức vụ hiệu trưởng của Đại học Công nghiệp thành phố Hồ Chí Minh.,Thong_Tin_Truong
Hội nghị của cán bộ và viên chức tại Đại học Công nghiệp TP.HCM năm 2020 đã được tổ chức.,Thong_Tin_Truong
"Lễ công bố quyết định bổ nhiệm giáo sư, phó giáo sư và trao tặng huân chương lao động cùng bằng khen của thủ tướng chính phủ diễn ra trong năm 2019.",Thong_Tin_Truong
Hội thảo quốc tế về tự chủ tài chính trong các trường đại học: chia sẻ kinh nghiệm từ quốc tế và áp dụng tại Việt Nam.,Thong_Tin_Truong
Hoạt động hội giảng năm học 2019 - 2020: Thúc đẩy việc đổi mới trong phương pháp giảng dạy đại học.,Thong_Tin_Truong
"Tại Đại học Công nghiệp TP.HCM, việc tham quan và học tập về kiểm định chất lượng đã thu hút sự quan tâm của nhiều sinh viên.",Thong_Tin_Truong
Vòng chung kết của cuộc thi tự động hóa theo phương pháp học tập dựa trên dự án đã đến.,Thong_Tin_Truong
Sẽ có một khóa tập huấn về phương pháp dạy học dựa trên chuẩn đầu ra (OBE) sắp tới.,Thong_Tin_Truong
Đại học Công nghiệp TP.HCM quyết định đầu tư 10 tỷ đồng cho các sáng kiến và hoạt động khởi nghiệp của sinh viên.,Thong_Tin_Truong
Hội nghị khoa học trẻ lần thứ nhất năm 2019 của trường Đại học Công nghiệp TP.HCM: Khơi dậy đam mê nghiên cứu khoa học.,Thong_Tin_Truong
"Trong trường đại học, có một 'nhà máy thông minh' đang được phát triển.",Thong_Tin_Truong
Đại học Công nghiệp TP.HCM tổ chức khai mạc đánh giá chất lượng cấp chương trình lần thứ 154 của AUN - QA.,Thong_Tin_Truong
Đoàn của Cao đẳng Kinh tế Kỹ thuật Cần Thơ đã đến Đại học Công nghiệp TP.HCM để tham quan và nghiên cứu kinh nghiệm từ việc triển khai dự án JICA.,Thong_Tin_Truong
Hội thảo khoa học quốc tế về việc ứng dụng vi tảo trong quá trình xử lý môi trường nước thải.,Thong_Tin_Truong
"Lễ khởi sự cho dự án thành phần xây dựng cơ sở đào tạo và nghiên cứu khoa học tại quận 12 của Đại học Công nghiệp TP.HCM, do Ngân hàng Thế giới tài trợ.",Thong_Tin_Truong
Hội nghị viên chức và cán bộ của trường Đại học Công nghiệp TP.HCM năm 2019 đánh dấu một khởi đầu đầy nhiệt huyết.,Thong_Tin_Truong
"Chương trình tập huấn UK-VN HEP đã thu hút sự tham gia của cán bộ quản lý từ trường Đại học Công nghiệp TP.HCM, diễn ra trong khoảng thời gian từ 1 đến 12/12/2018.",Thong_Tin_Truong
Trường Đại học Công nghiệp TP.HCM hân hoan chào đón 36 năm Ngày Nhà giáo Việt Nam 20/11.,Thong_Tin_Truong
Chia sẻ kinh nghiệm trong hội thảo về xếp hạng các trường đại học theo hệ thống QS.,Thong_Tin_Truong
Giải thưởng giảng viên trẻ và nghiên cứu khoa học năm 2018 đã được trao cho giảng viên và sinh viên của Đại học Công nghiệp TP.HCM.,Thong_Tin_Truong
Đại học đầu tiên của bộ Công thương đạt tiêu chí kiểm định chất lượng khu vực AUN-QA.,Thong_Tin_Truong
Đại học Công nghiệp TP.HCM vừa tiến hành đánh giá chất lượng chương trình lần thứ 116 của AUN - QA.,Thong_Tin_Truong
Lễ vinh danh những thí sinh xuất sắc đoạt giải tại kỳ thi tay nghề thế giới lần thứ 44 cũng như tại kỳ thi tay nghề quốc gia lần thứ x vừa diễn ra.,Thong_Tin_Truong
Ngày hội việc làm năm 2018 sẽ được tổ chức để tuyển dụng.,Thong_Tin_Truong
"Năm 2018, trường Đại học Công nghiệp TP.HCM tổ chức hội nghị cán bộ, viên chức.",Thong_Tin_Truong
Trường đại học hợp tác chặt chẽ với các nhà sáng chế nông dân.,Thong_Tin_Truong
Đánh giá cuối kỳ của dự án jica-iuh.,Thong_Tin_Truong
Quyết định bổ nhiệm chức vụ phó hiệu trưởng đã chính thức được công bố.,Thong_Tin_Truong
Chương trình hội nghị khoa học quốc tế về an ninh lương thực và phát triển bền vững năm 2017 - isfs2017 được tổ chức.,Thong_Tin_Truong
Đại học Công nghiệp TP.HCM hân hoan chào mừng 35 năm ngày Nhà giáo Việt Nam 20/11.,Thong_Tin_Truong
Chương trình hội giảng năm 2017 đã đổi mới cả nội dung lẫn phương pháp giáo dục.,Thong_Tin_Truong
Năm 2017 sẽ có ngày hội tuyển dụng việc làm.,Thong_Tin_Truong
"Một giảng viên tại Đại học Công nghiệp TP.HCM đã xuất sắc giành được danh hiệu quán quân trong cuộc thi thiết kế thời trang cotton USA, lấy cảm hứng từ vẻ đẹp của tự nhiên.",Thong_Tin_Truong
"Hội nghị sẽ đề cập đến việc cải tiến các phương pháp đào tạo và cập nhật giáo trình kế toán, nhằm phù hợp với những thay đổi yêu cầu cải cách tại các trường đại học, cao đẳng.",Thong_Tin_Truong
"Chương trình tốt nghiệp thạc sĩ liên kết với trường Đại học Soongsil, Hàn Quốc (khóa 04 và 05) sẽ diễn ra lễ tốt nghiệp.",Thong_Tin_Truong
Trung tâm đào tạo nguồn nhân lực cho ngành công nghiệp phân phối và bán lẻ đã được thành lập.,Thong_Tin_Truong
Ngân hàng Thế giới đã hỗ trợ 45 triệu USD cho Trường Đại học Công nghiệp TP.HCM nhằm nâng cấp cơ sở vật chất và trang thiết bị giảng dạy.,Thong_Tin_Truong
Đại học Công nghiệp TP.HCM với dự án JICA cam kết rằng tất cả sinh viên tốt nghiệp sẽ có việc làm.,Thong_Tin_Truong
Đại học Công nghiệp TP.HCM tổ chức lễ khai giảng cho khóa đào tạo trình độ tiến sĩ đầu tiên.,Thong_Tin_Truong
Sinh viên của trường Đại học Công nghiệp TP.HCM có thể vay tối đa 500 triệu đồng để khởi nghiệp.,Thong_Tin_Truong
"Phòng khám mới được khánh thành với mục đích phục vụ cán bộ, viên chức cùng sinh viên.",Thong_Tin_Truong
"Trường Đại học Công nghiệp TP. Hồ Chí Minh đã tổ chức hội nghị cán bộ, viên chức vào năm 2017.",Thong_Tin_Truong
Lễ ký kết hợp tác toàn diện giữa Bệnh viện Quân y 175 và trường Đại học Công nghiệp TP. Hồ Chí Minh đã diễn ra hôm nay.,Thong_Tin_Truong
Khoa Công nghệ Nhiệt lạnh phối hợp với công ty Ebara từ Nhật Bản tổ chức hội thảo về máy bơm và thiết bị lạnh.,Thong_Tin_Truong
Quyết định bổ nhiệm chức danh phó giáo sư năm 2016 đã được công bố.,Thong_Tin_Truong
Đại học Công nghiệp TP.HCM là trường đầu tiên ở phía Nam đạt tiêu chuẩn trong lĩnh vực chất lượng giáo dục.,Thong_Tin_Truong
Hội nghị quốc tế quy tụ các nhà khoa học để bàn về công nghệ tân tiến và phát triển bền vững.,Thong_Tin_Truong
Đã có quyết định bổ nhiệm phó hiệu trưởng cho trường Đại học Công nghiệp TP. Hồ Chí Minh.,Thong_Tin_Truong
Ngày sách Việt Nam lần thứ III năm 2016 được tổ chức với triển lãm sách đặc biệt.,Thong_Tin_Truong
Hội thi sáng tạo sản phẩm mới cho sinh viên năm 2016 đã được tổ chức lần thứ bảy.,Thong_Tin_Truong
"Tại trường Đại học Công nghiệp TP.HCM, vòng loại cuộc thi tin học văn phòng quốc tế (MOSWC) 2016 đã được tổ chức.",Thong_Tin_Truong
Hội thảo nhằm thu thập ý kiến cho mục tiêu đào tạo và chuẩn đầu ra của ngành công nghệ thông tin theo tiêu chuẩn ABET.,Thong_Tin_Truong
Chương trình bế giảng khóa cao học liên kết MBA-SS3 cùng với lễ khai giảng khóa MBA-SS5 sắp diễn ra.,Thong_Tin_Truong
Đại học Công nghiệp Thành phố Hồ Chí Minh đã tổ chức hội nghị cán bộ - viên chức năm 2016 một cách thành công và hiệu quả.,Thong_Tin_Truong
Buổi họp mặt cho cán bộ và viên chức đã nghỉ hưu vào mùa xuân Bính Thân 2016.,Thong_Tin_Truong
Sinh viên của trường Đại học Công nghiệp TP.HCM đã xuất sắc giành vị trí cao nhất trong lĩnh vực kỹ thuật và môi trường tại cuộc thi Euréka 2015.,Thong_Tin_Truong
Triển lãm hình ảnh về 60 giải pháp đối phó với biến đổi khí hậu đang diễn ra.,Thong_Tin_Truong
"Tổ chức Sejong, đại diện cho Hàn Quốc, đã thực hiện chuyến thăm và làm việc.",Thong_Tin_Truong
Xin mời tham gia hội thảo góp ý cho đề án đào tạo tiến sĩ dành cho ngành quản lý tài nguyên và môi trường.,Thong_Tin_Truong
Lễ khai giảng lớp thạc sĩ thuộc chuyên ngành khoa học và quản lý môi trường sẽ diễn ra trong thời gian tới.,Thong_Tin_Truong
"Lễ vinh danh những nhà giáo trẻ xuất sắc và sinh viên nghiên cứu khoa học euréka, cùng với sinh viên 5 tốt trong năm học 2014-2015.",Thong_Tin_Truong
Chúng ta cùng kỷ niệm ngày Nhà giáo Việt Nam 20-11 và tri ân 5 phó giáo sư được tôn vinh năm 2015.,Thong_Tin_Truong
Tổng khai giảng năm học mới tại trường Đại học Công nghiệp TP.HCM đã chào đón số lượng 11.000 tân sinh viên.,Thong_Tin_Truong
Lễ công bố quyết định thành lập phân hiệu Quảng Ngãi thuộc trường Đại học Công nghiệp TP.HCM.,Thong_Tin_Truong
Hội thảo về khởi nghiệp cho sinh viên với chủ đề tên miền và xây dựng website.,Thong_Tin_Truong
Lễ công bố các quyết định liên quan đến việc bổ nhiệm và bổ nhiệm lại phó hiệu trưởng tại trường Đại học Công nghiệp TP. Hồ Chí Minh.,Thong_Tin_Truong
Đại học Công nghiệp TP.HCM đã ký kết một thỏa thuận hợp tác để thành lập Trung tâm Hàn ngữ King Sejong.,Thong_Tin_Truong
Chương trình triển lãm sách để chào mừng ngày sách Việt Nam lần thứ hai.,Thong_Tin_Truong
Lễ công bố quyết định bổ nhiệm phó giáo sư diễn ra vào năm 2014.,Thong_Tin_Truong
Diễn ra lễ công bố quyết định bổ nhiệm hiệu trưởng cho trường Đại học Công nghiệp thành phố Hồ Chí Minh.,Thong_Tin_Truong
Học bổng Toyota 2014 đã được trao cho chín sinh viên nổi bật của Đại học Công nghiệp TP.HCM.,Thong_Tin_Truong
"Kỷ niệm 10 năm thành lập, trường Đại học Công nghiệp TP.HCM nhìn lại hành trình phát triển đáng nhớ.",Thong_Tin_Truong
Thêm 24 chuyên gia thạc sĩ về quản lý tài nguyên môi trường cùng với kỹ thuật môi trường.,Thong_Tin_Truong
"Lễ trao bằng tốt nghiệp và bế giảng dành cho các tân cử nhân, tân kỹ sư sẽ diễn ra.",Thong_Tin_Truong
Trường Đại học Công nghiệp TP.HCM đã tổ chức lễ khai giảng năm học mới 2014-2015 với sự chào đón 13.500 tân sinh viên.,Thong_Tin_Truong
Gần 100 công trình khoa học đã được công bố tại hội nghị khoa học lần thứ 5 của trường Đại học Công nghiệp TP.HCM.,Thong_Tin_Truong
"Hội nghị tổ chức tập huấn về việc xét đạt tiêu chuẩn chức danh giáo sư, phó giáo sư trong năm 2014.",Thong_Tin_Truong
Ngày 28/7/2014 đánh dấu tròn 85 năm thành lập tổ chức công đoàn Việt Nam (1929 - 2014).,Thong_Tin_Truong
"Trong năm học 2013-2014, 673 suất học bổng mang tên Nguyễn Đức Cảnh đã được trao cho con của các cán bộ, viên chức có thành tích học tập nổi bật.",Thong_Tin_Truong
Trường Đại học Công nghiệp TP.HCM vừa chào đón thêm 52 tân thạc sĩ khóa ngành môi trường.,Thong_Tin_Truong
"Lễ bế giảng và trao bằng tốt nghiệp cho hơn 10.000 tân cử nhân, tân kỹ sư sẽ được tổ chức.",Thong_Tin_Truong
Sự kiện khai mạc hội thao toàn trường 2014 cùng với lễ kỷ niệm 83 năm thành lập Đoàn TNCS Hồ Chí Minh.,Thong_Tin_Truong
Lễ bế mạc hội thao toàn trường năm 2014 đã chứng kiến việc trao tặng 99 giải thưởng cho những cá nhân và tập thể nổi bật.,Thong_Tin_Truong
"Hội nghị cán bộ, viên chức năm 2014 tại trường Đại học Công nghiệp TP.HCM đã được tổ chức thành công tốt đẹp.",Thong_Tin_Truong
Hôm nay đánh dấu 9 năm ngày thành lập của trường Đại học Công nghiệp TP.HCM.,Thong_Tin_Truong
Buổi hội nghị tổng kết công đoàn năm học 2012-2013 và phát động chương trình hoạt động cho năm học 2013-2014.,Thong_Tin_Truong
"Tiền thân của IUH là Trường Huấn nghiệp Gò Vấp, chính thức ra đời vào ngày 11/11/1956.",Thong_Tin_Truong
"Trường huấn nghiệp Gò Vấp, được thành lập bởi các tu sĩ dòng Don Bosco, là tiền thân của Đại học Công nghiệp TP.HCM, tọa lạc tại xã Hạnh Thông, quận Gò Vấp, tỉnh Gia Định.",Thong_Tin_Truong
"Năm 1968, tiền thân của trường Đại học Công nghiệp TP.HCM đã mang tên trường tư thục trung học kỹ thuật đệ nhất cấp Don Bosco.",Thong_Tin_Truong
"Ngày 31 tháng 1 năm 1970, trường đã thực hiện việc cải cách và đổi tên thành trường tư thục trung học kỹ thuật đệ nhị cấp Don Bosco (gọi tắt là trường trung học kỹ thuật Don Bosco).",Thong_Tin_Truong
"Sau khi đất nước được thống nhất vào ngày 19/12/1975, trường đã được giao cho Tổng cục Cơ khí Luyện kim và Điện tử để quản lý.",Thong_Tin_Truong
"Năm 1978, trường đã chính thức đổi tên thành Trường Công nhân Kỹ thuật IV, đồng thời chịu sự quản lý trực tiếp từ Bộ Cơ khí và Luyện kim.",Thong_Tin_Truong
"Vào năm 1994, Trường Công nhân Kỹ thuật IV đã hợp nhất với Trường Trung học Hóa chất II (tại Biên Hòa) và trở thành Trường Trung học Kỹ thuật Công nghiệp IV, trực thuộc Bộ Công nghiệp.",Thong_Tin_Truong
"Vào tháng 03 năm 1999, trường trung học kỹ thuật công nghiệp IV đã chính thức được nâng cấp thành trường cao đẳng công nghiệp IV.",Thong_Tin_Truong
Tháng 12 năm 2004 là thời điểm quan trọng khi trường cao đẳng công nghiệp IV được chính thức nâng cấp lên thành trường Đại học Công nghiệp TP.HCM.,Thong_Tin_Truong
Quyết định số 214/2004/QĐ-TTG của Thủ tướng Chính phủ đã ban hành việc nâng cấp thành trường Đại học Công nghiệp TP.HCM.,Thong_Tin_Truong
"Thủ tướng Chính phủ đã phê duyệt thí điểm đổi mới cơ chế hoạt động cho Đại học Công nghiệp TP.HCM vào ngày 23/06/2015, theo quyết định số 902/QĐ-TTG, áp dụng trong giai đoạn 2015-2017.",Thong_Tin_Truong
"Từ năm học 2015 - 2016, trường Đại học Công nghiệp TP.HCM đã triển khai cơ chế hoạt động tự chủ thí điểm.",Thong_Tin_Truong
Trường Đại học Công nghiệp TP.HCM ngày nay đang được đánh giá là một trong những cơ sở giáo dục đại học có quy mô lớn tại đất nước ta.,Thong_Tin_Truong
"Hỏi: Xin cho biết trường Đại học Công nghiệp TP.HCM (IUH) ra đời vào ngày nào? - Đáp: Trường đã được thành lập tiền thân từ ngày 11/11/1956, và chính thức mang tên Đại học Công nghiệp TP.HCM vào tháng 12/2004.",Thong_Tin_Truong
"Hỏi: Những tên gọi trước đây của trường Đại học Công nghiệp TP.HCM qua các giai đoạn là gì? - Đáp: Trước khi được gọi như hiện nay, trường đã có những tên gọi sau: trường Huấn nghiệp Gò Vấp, trường Th kỹ thuật Don Bosco, trường Công nhân kỹ thuật IV, trường Th kỹ thuật công nghiệp IV và trường Cao đẳng Công nghiệp IV.",Thong_Tin_Truong
"Trong lịch sử của Đại học Công nghiệp TP.HCM, năm 1994 đánh dấu sự kiện quan trọng khi trường hợp nhất với Trường Trung học Hóa chất II (Biên Hòa) và thành lập Trường Trung học Kỹ thuật Công nghiệp IV.",Thong_Tin_Truong
Xin gửi lời chúc mừng Giáng sinh và năm mới 2026 an lành và phát đạt đến bạn.,Thong_Tin_Truong
"Trường đại học đã tổ chức một buổi lễ để nhóm cựu chiến binh, từng là những người tiên phong, trở về kỷ niệm 81 năm thành lập lực lượng dân quân nam giới.",Thong_Tin_Truong
Biến vảy cá thành nguồn giá trị xanh: sinh viên cao đẳng công nghiệp của thành phố Hồ Chí Minh phấn đấu cho fid năm 2025.,Thong_Tin_Truong
"Trường đại học công nghiệp TP.HCM đã có sinh viên giành giải nhì trong cuộc thi thiết kế điện tử cho nam sinh viên thạc sĩ 2025, sau khi vượt qua 140 đội.",Thong_Tin_Truong
"Tại odari'25, trường cao đẳng công nghiệp ở Lake City đã đạt vị trí đứng đầu trong ba trường có kết quả cao nhất quốc gia.",Thong_Tin_Truong
"Sau khi vượt qua những vòng thi ở cấp quốc gia, đội tuyển trường cao đẳng công nghiệp Lake City đã đạt được quyền tham gia vòng chung kết lập trình procon quốc tế.",Thong_Tin_Truong
"Giải nhất quốc tế đã được trao cho một nhóm sinh viên cao đẳng công nghiệp tại Lake City, những người đã chứng minh tài năng của mình trong cuộc thi thiết kế HVAC Midea lần thứ năm.",Thong_Tin_Truong
Việc nuôi trồng nấm đã giúp các cựu sinh viên của trường cao đẳng công nghiệp Lake City trở thành cee vinabiosh.,Thong_Tin_Truong
"Sinh viên ngành công nghiệp, tôi đến từ thành phố Hồ Lý, nơi đã giành được giải nhất quốc gia tại giải eréka 2025.",Thong_Tin_Truong
Trường cao đẳng công nghiệp thành phố Lake City đã triển khai chương trình hỗ trợ thiết bị khẩn cấp và quần áo cho các sinh viên ở khu vực bị ngập lụt nặng.,Thong_Tin_Truong
"Năm 2025, trường đại học công nghiệp TP.HCM vinh dự bổ nhiệm 16 gs và pgs, nhằm nâng cao chất lượng đội ngũ học thuật.",Thong_Tin_Truong
Đây chính là thời gian tốt nghiệp - các đại sứ mới của Trường Cao đẳng Công nghiệp Thành phố đã được công nhận.,Thong_Tin_Truong
Việc ký kết một quan hệ đối tác mới đã giúp trường cao đẳng công nghiệp Lake City tăng cường năng lực đào tạo sinh viên thành những chuyên gia trong lĩnh vực dược phẩm.,Thong_Tin_Truong
"Tháng Mười Một mang đến những điều tuyệt đẹp: Đại học Công nghiệp TP.HCM, ngôi trường hàng đầu tại thành phố, tri ân giáo viên và tổ chức giải thưởng cho các phong trào.",Thong_Tin_Truong
"Đại học Công nghiệp thuộc thành phố. Hiệp hội Tháp Canh đã thu hút được hơn 4,3 tỷ đô la để hỗ trợ kịp thời cho các người thân trong gia đình thuộc tầng lớp trung lưu của ông.",Thong_Tin_Truong
"Ngày 20/11 vừa qua, Trường cao đẳng công nghiệp thành phố Lake City đã ghi dấu ấn với nhiều hoạt động đặc sắc và khởi động một thương hiệu nhận diện mới.",Thong_Tin_Truong
Trường cao đẳng công nghiệp thành phố Lake Hall chúc mừng cờ thi đấu của liên đoàn lao động nam trong đại hội liên hiệp trường học lần thứ ba.,Thong_Tin_Truong
"Bộ trưởng đã gửi thư chúc mừng nhân ngày 20 tháng 11, kỷ niệm Ngày Nhà giáo Việt Nam.",Thong_Tin_Truong
"Là đơn vị có thứ hạng cao nhất trong lĩnh vực công nghiệp tại thành phố, trường đã đạt giải thưởng quốc tế về hội nhập toàn cầu.",Thong_Tin_Truong
"Anh là một sinh viên ngành công nghiệp đến từ Lake City, đã đạt giải A.M.A. quân sự tại triển lãm đổi mới chương trình watertech - một sự kiện quốc tế Vietwater 2025.",Thong_Tin_Truong
"Trong mùa này, Đại học Innogreenlife của TP.HCM thật rực rỡ. Năm nay, hãy tự tin suy nghĩ và tiến hành hành động vì cuộc sống xanh.",Thong_Tin_Truong
Ý kiến tiêu chuẩn về sản phẩm đồ uống có cồn vừa được Bộ thương mại phát hành.,Thong_Tin_Truong
OEH dành tặng 80 tỷ học bổng cho năm học 2025 - 2026: giáo dục không chỉ là sự nuôi dưỡng tri thức mà còn là gìn giữ ước mơ.,Thong_Tin_Truong
Ngày tổ chức đón mừng sinh viên mới: Trường cao đẳng công nghiệp tại thành phố.,Thong_Tin_Truong
"Lake City Watchy, trường cao đẳng công nghiệp tại thành phố, đã tiến hành khởi động một chương trình hành động nhằm thực hiện các nghị quyết về knc, đổi mới và chuyển đổi số.",Thong_Tin_Truong
"Trong năm 2024, Trường Đại học Công nghiệp TP.HCM đã tổ chức lễ kỷ niệm cùng với việc trao thưởng cho các hoạt động nghiên cứu khoa học và công nghệ.",Thong_Tin_Truong
Roboworld và Đại học Lake City đã chính thức ký kết thỏa thuận hợp tác nhằm thúc đẩy nghiên cứu và đào tạo liên quan đến robot.,Thong_Tin_Truong
Trường Đại học Công nghiệp TP.HCM đã vinh dự trao huy hiệu Đảng cho các thành viên nhân Ngày Độc lập mùng Bốn tháng Bảy.,Thong_Tin_Truong
Sự hợp tác giữa trường cao đẳng công nghiệp Lake City và Sulfur nhằm phát triển nguồn nhân lực chất lượng cao trong lĩnh vực giáo dục và doanh nghiệp.,Thong_Tin_Truong
Trường cao đẳng công nghiệp tại thành phố đang hoạt động một cách hoàn toàn thông minh. Các công nhân và nhân viên đang tích cực tham gia vào chương trình đào tạo về vệ sinh.,Thong_Tin_Truong
"Trường Đại học Công nghiệp TP.HCM, với sự góp mặt của thế hệ trẻ, đã tôn vinh 47 sinh viên ưu tú đến từ công đoàn nam.",Thong_Tin_Truong
Trường cao đẳng công nghiệp tại TP.HCM đã nỗ lực thu hút mọi người vào giáo dục nhằm nâng cao chất lượng nguồn nhân lực.,Thong_Tin_Truong
Trường cao đẳng công nghiệp Lake City đã chính thức sử dụng phòng thí nghiệm tiên tiến cho hoạt động thiết kế và kiểm tra vi mô.,Thong_Tin_Truong
"Thành lập một câu lạc bộ điện tử ở trường Đại học Công nghiệp Lake City, đánh dấu bước tiến mới trong công tác hợp tác và nghiên cứu.",Thong_Tin_Truong
Sinh viên của Thành phố Lake City đã họp mặt vào năm rưỡi để thảo luận về năng lượng hạt nhân: đây là những nỗ lực hợp tác quốc tế nhằm chuẩn bị cho ngành công nghiệp đào tạo mới.,Thong_Tin_Truong
Trên 140 đối thủ sẽ làm sáng tỏ meca: ai là những người từ các trường cao đẳng công nghiệp của thành phố đã tham dự?,Thong_Tin_Truong
Chúng tôi rất vui mừng chào đón bạn đến với hội nghị bộ phận thương mại cho giai đoạn 2025 - 2030.,Thong_Tin_Truong
Trường Cao đẳng Công nghiệp Lake City đã có bảy chương trình được công nhận với mức độ cao là asun-qa.,Thong_Tin_Truong
Giới thiệu tinh thần yêu thương: hành trình đưa tình yêu đến với những khu vực khó khăn.,Thong_Tin_Truong
Hội thảo cuối cùng của cuộc thi đua xe kỷ niệm 10 năm đã được thực hiện vào năm 2024-2025.,Thong_Tin_Truong
"Chúng ta sẽ tổ chức lễ tưởng niệm 100 năm Báo chí Cách mạng Miền Nam, được tính từ ngày 21/1925 đến 21/2025.",Thong_Tin_Truong
Đại học Công nghiệp TP.HCM vừa công bố điểm số xếp hạng hiệu suất.,Thong_Tin_Truong
"Tại một trường công nghệ hiện đại, khối C vẫn giữ vị trí quan trọng: cao đẳng công nghiệp thành phố Lake City. Đây là cơ hội tuyệt vời cho ngành luật.",Thong_Tin_Truong
Đại hội của Đảng Công nghiệp trường cao đẳng nhiệm kỳ 2025 - 2030 đã diễn ra rất thành công.,Thong_Tin_Truong
"Tại thành phố Lake City, các trường cao đẳng công nghiệp đều mang tính chất xây dựng đảng, nhằm truyền bá văn hóa và văn minh, chuẩn bị cho đại hội đảng mới của trường.",Thong_Tin_Truong
Hành trình kéo dài năm năm của trường Đại học Công nghiệp TP.HCM đã củng cố mối quan hệ kinh doanh và đồng hành cùng sinh viên.,Thong_Tin_Truong
"Trong thành phố, các trường cao đẳng công nghiệp đã thúc đẩy nghiên cứu mạnh mẽ, khẳng định vị thế của mình từ học thuật đến thị trường.",Thong_Tin_Truong
"Đến năm 2025, một buổi họp giữa các nhà lãnh đạo trường học và học sinh sẽ được tổ chức, nhằm phát triển tinh thần dân chủ và lắng nghe tiếng nói từ phía người học.",Thong_Tin_Truong
"Trường cao đẳng công nghiệp thành phố Lake City đã khánh thành cầu giao thông ở khu vực mía, nhằm truyền bá tinh thần nhân văn, thiết lập kết nối cộng đồng, và học hỏi từ tấm gương tuyệt vời của Hồ.",Thong_Tin_Truong
Mitsubishi sẽ tiếp tục cung cấp xe hơi cho mục đích đào tạo tại Đại học Công nghiệp TP.HCM.,Thong_Tin_Truong
"Nhân dịp 50 năm ngày giải phóng miền Nam - thống nhất đất nước, trường cao đẳng công nghiệp TP.HCM tự hào là sự lựa chọn tốt nhất cho toàn quốc.",Thong_Tin_Truong
Trường cao đẳng công nghiệp Lake City vừa mới thực hiện đánh giá chất lượng cơ sở lần đầu tiên dựa trên mức độ aun-qa.,Thong_Tin_Truong
Khởi đầu sự nghiệp vững chắc của trường cao đẳng công nghiệp thành phố Lake City đã được ghi nhận qua giải thưởng danh giá từ Bộ trưởng Bộ Giáo dục và Đào tạo.,Thong_Tin_Truong
"Hội thảo khoa học lần thứ hai, năm 2025 sẽ được tổ chức tại Trường Đại học Công nghiệp TP. Hồ Chí Minh.",Thong_Tin_Truong
Hội nghị giới thiệu những cách thức bảo vệ thương mại trong OEH: được thiết kế để trang bị kiến thức chiến lược cho các bên liên quan trong bối cảnh hội nhập quốc tế.,Thong_Tin_Truong
Đánh giá chất lượng thứ 3 của chương trình đào tạo bậc đại học theo tiêu chuẩn Aun-qa tại trường cao đẳng công nghiệp ở Lake City đã chính thức được triển khai.,Thong_Tin_Truong
Trường cao đẳng công nghiệp ở thành phố Lake City đã tổ chức lễ khánh thành phòng thí nghiệm robot và nhận thiết bị từ một quốc gia phía nam.,Thong_Tin_Truong
Kỳ thi đánh giá năng lực quốc gia diễn ra tại TP.HCM 1: đảm bảo an toàn và thống nhất trong nhóm 10 (iuh).,Thong_Tin_Truong
Hội nghị diễn ra tại Đại học Lake City sẽ tập trung vào việc nâng cao quản lý trí tuệ trong lĩnh vực sở hữu trí tuệ.,Thong_Tin_Truong
Các trường cao đẳng công nghiệp tại thành phố Lake City đang nỗ lực gia tăng hoạt động thương mại và hợp tác kinh doanh trong suốt các thời kỳ của họ.,Thong_Tin_Truong
Tuần trước kỳ thi năng lực: hãy quan tâm đến danh sách kiểm tra quan trọng không nên bị bỏ lỡ!,Thong_Tin_Truong
Đội ngũ nhân viên của Trường Đại học Công nghiệp TP.HCM đã trải qua một tour để tìm hiểu về việc phối hợp các hoạt động cộng đồng.,Thong_Tin_Truong
"Đối với bài kiểm tra hiệu suất 20-25, thí sinh có quyền mang theo thiết bị gì vào phòng thi?",Thong_Tin_Truong
Khai mạc hội thảo quốc tế lần thứ 2025 tại Trường Đại học Công nghiệp TP.HCM.,Thong_Tin_Truong
"Lễ trao bằng tiến sĩ, Ph.D., cùng với việc cấp bằng cho các thạc sĩ vừa tốt nghiệp tại Trường Đại học Công nghiệp TP.HCM.",Thong_Tin_Truong
"Chủ nhật này, hội nghị truyền thông quốc tế được tổ chức.",Thong_Tin_Truong
Trường Đại học Công nghiệp TP.HCM dự kiến tổ chức hội nghị các sĩ quan và công nhân vào năm 2025.,Thong_Tin_Truong
Chúc mừng sinh nhật lần thứ 2025 tới Hiệu trưởng Trường Cao đẳng Công nghiệp TP.HCM.,Thong_Tin_Truong
Tăng cường chất lượng giáo dục trong bộ phận - chương trình truyền giáo kỳ 1 năm 2025 - 2027.,Thong_Tin_Truong
Chương trình hội thảo công nghệ bán hàng cùng Internet vạn vật dành cho các xã hội thông minh.,Thong_Tin_Truong
Phân tích 10 năm phát triển hướng tới hợp tác kinh doanh.,Thong_Tin_Truong
Năm 2023 - 2024 có mười hoạt động và thành tựu đáng ghi nhận.,Thong_Tin_Truong
Có rất nhiều cơ hội để hợp tác trong việc đào tạo và việc làm sau giờ học tại trường cao đẳng công nghiệp Nhật Bản tại Lake City.,Thong_Tin_Truong
"Cuối cùng, trường cao đẳng công nghiệp tại Lake City đã được cấp vốn cho một dự án trị giá bốn tỷ rưỡi đô la.",Thong_Tin_Truong
"Năm 2024, trường cao đẳng công nghiệp Lake City tổ chức lễ chào đón 18 kỹ sư vừa hoàn thành khóa đào tạo hạ sĩ dự bị.",Thong_Tin_Truong
"Tại Trường Cao đẳng Công nghiệp Thành phố, sự kiện cắt băng khánh thành mini-vf dvm s eco samsung và hội thảo ứng dụng Rét đã diễn ra.",Thong_Tin_Truong
"Hơn 2.000 tân cử nhân, kỹ sư vừa mới tốt nghiệp, những người đã thực hiện chuyến hành trình tri thức.",Thong_Tin_Truong
"Tại ngày tuyển dụng, trường cao đẳng công nghiệp TP.HCM đã khởi xướng hơn 7,000 cơ hội việc làm trong năm 2024.",Thong_Tin_Truong
Hội nghị Khoa học Thế giới châu Á lần thứ hai xxi đã diễn ra tại Trường Đại học Công nghiệp TP.HCM.,Thong_Tin_Truong
"Với khoản tài trợ hơn 600 triệu từ Male Electric, Trường cao đẳng Công nghiệp TP.HCM sẽ nâng cấp các thiết bị của mình.",Thong_Tin_Truong
Hội nghị khoa học quốc tế lần thứ 7 -- mammm 2024 dự kiến tổ chức tại Đại học Công nghiệp Lake City.,Thong_Tin_Truong
Hội nghị khoa học lần thứ hai trong lĩnh vực khoa học cơ bản - trường cao đẳng công nghiệp tại thành phố.,Thong_Tin_Truong
"Tại vòng chung kết của cuộc thi quản lý công ty về phát triển bền vững năm 2024, đội ngũ lãnh đạo sinh thái xuất sắc nhất từ Đại học Công nghiệp TP.HCM đã tỏa sáng rực rỡ.",Thong_Tin_Truong
Sinh viên khoa công nghiệp của Đại học TP.HCM đã xuất sắc đoạt giải nhất tại Giải Thể Thao Tái Tạo Đầu Năm được tổ chức bởi tờ báo trẻ và Liên minh Khảo Bị Nam Tính.,Thong_Tin_Truong
Đội ngũ đánh giá chất lượng tại Trường Cao đẳng Công nghiệp TP.HCM thực hiện việc kiểm định chất lượng và đánh giá cả bốn năm đào tạo đại học.,Thong_Tin_Truong
Nhóm Hanabi - Hashimotogumi vừa trở thành đối tác của trường cao đẳng công nghiệp thành phố Lake City qua một biên bản ghi nhớ đã được ký kết.,Thong_Tin_Truong
Lễ tổng kết năm học 2023 - 2024 và nhiệm vụ mới của trường sẽ diễn ra tại trường Đại học Công nghiệp TP.HCM.,Thong_Tin_Truong
"Buổi tiệc liên hoan dành cho những đảng viên trẻ, cùng với buổi họp mặt đầu tiên tại trường cao đẳng công nghiệp TP.HCM.",Thong_Tin_Truong
Cả chín chuyên ngành đầu tiên của trường Đại học Công nghiệp TP.HCM đã được giới thiệu trong lễ khai giảng năm học 2024 - 2025.,Thong_Tin_Truong
"Năm 2023, các hoạt động nghiên cứu khoa học và công nghệ của Trường Đại học Công nghiệp TP.HCM đã được ghi nhận và khen thưởng.",Thong_Tin_Truong
Sự kiện đêm hội đã mang đến không khí tưng bừng và vui vẻ cho các sinh viên mới tại Đại học Công nghiệp TP.HCM.,Thong_Tin_Truong
"Tiếng trống thiêng liêng nổi lên, chào mừng năm học mới 2024 - 2025 của Trường Đại học Công nghiệp Thành phố Hồ Chí Minh.",Thong_Tin_Truong
Trường Đại học Công nghiệp TP. HCM sẽ tổ chức một hội nghị tập trung vào việc làm sạch không khí và cấp học bổng cho chương trình liên quan.,Thong_Tin_Truong
"Ứng viên cuối cùng của innogreenlife2023 đã được xác định và sẽ tham gia vào giải thưởng innogreenlife, 2024 - một cuộc thi nhằm đổi mới sáng tạo cho cuộc sống xanh.",Thong_Tin_Truong
Lớp một K20 tại Đại học Công nghiệp TP.HCM.,Thong_Tin_Truong
"Dự án Eurasia được triển khai với chủ đề kết nối trí tuệ, hướng tới việc tạo dựng một cộng đồng thanh niên châu Á tại Đại học Công nghiệp TP.HCM.",Thong_Tin_Truong
400 cán bộ và sinh viên từ Đại học Lake City đã tham gia chương trình đi bộ vì người nghèo vào năm 2024.,Thong_Tin_Truong
"Hơn 3.000 tân kỹ sư đã chính thức tham gia thị trường lao động trong buổi lễ tốt nghiệp của trường Đại học Công nghiệp TP.HCM, diễn ra vào năm 2024.",Thong_Tin_Truong
Sáu năm hội nghị khoa học sẽ diễn ra vào năm 2024 với chủ đề liên quan đến công nghệ xanh và xây dựng một tương lai sống xanh.,Thong_Tin_Truong
Cuộc thi ẩm thực và dinh dưỡng tại trường Đại học Công nghiệp TP.HCM (IUH) đã chính thức khép lại.,Thong_Tin_Truong
"Năm học 2023-2024, hơn 800 học bổng sẽ được trường cao đẳng công nghiệp thành phố trao cho các em nhỏ.",Thong_Tin_Truong
Khóa học ngôn ngữ dành cho người nước ngoài đã được khai giảng tại Đại học Lake City.,Thong_Tin_Truong
"Trường cao đẳng công nghiệp thành phố Lake City sẽ là người dẫn dắt hội nghị khoa học quốc gia lần thứ hai về năng lượng, điện tử và tự động hóa (eea 2025).",Thong_Tin_Truong
"Trường Cao đẳng Công nghiệp Thành phố Lake City vừa trao tặng một hệ thống lọc nước cùng với một món quà tại Champasak, tổng giá trị lên đến 200 triệu đô la.",Thong_Tin_Truong
"Kết thúc cuộc thi đổi mới sáng tạo, sự kiện vì cuộc sống xanh lần thứ ba hiện đang diễn ra tại Trường Cao đẳng Công nghiệp Hồ Thành.",Thong_Tin_Truong
Bắt đầu tiến hành đánh giá chất lượng cho chương trình đào tạo thạc sĩ theo tiêu chuẩn aun-qa.,Thong_Tin_Truong
Nhật Bản đã tham gia vào việc đào tạo kỹ thuật và kỹ sư trong lĩnh vực công nghiệp ô tô tại Đại học Lake City.,Thong_Tin_Truong
"Kết thúc cuộc khảo sát, chúng tôi thực hiện việc đánh giá chính thức chất lượng đào tạo đại học và tiêu chuẩn thạc sĩ moet tại Đại học Công nghiệp Thành phố Hồ Chí Minh.",Thong_Tin_Truong
Chúc mừng bạn nhân ngày sinh nhật!,Thong_Tin_Truong
Văn hóa trà đã được một ngân hàng mang đến trường cao đẳng công nghiệp Lake City.,Thong_Tin_Truong
"Cuối năm học 2023 - 2024, sự kiện sẽ diễn ra tại phòng tập thể dục dành cho giáo dục thể chất.",Thong_Tin_Truong
"Năm 2024, ngày hội tuyển dụng sẽ mang đến hàng nghìn cơ hội việc làm tại trường cao đẳng công nghiệp thành phố.",Thong_Tin_Truong
Cuộc thi của trường cao đẳng công nghiệp TP.HCM sẽ diễn ra với lễ khai mạc và bế mạc.,Thong_Tin_Truong
Chương trình năm học 2023 - 2024 dành cho các sinh viên năm nhất ở chuyên ngành giáo dục thể chất đã được khởi động.,Thong_Tin_Truong
Buổi lễ kỷ niệm Ngày Quốc tế Phụ nữ sẽ được tổ chức bởi trường cao đẳng công nghiệp City ở thành phố Watch Tower.,Thong_Tin_Truong
Cuộc họp tổng kết cuối năm 2023 của đảng và các buổi diễn tập cho nhiệm vụ năm 2024.,Thong_Tin_Truong
Mười sự kiện cùng thành tựu tiêu biểu của trường cao đẳng công nghiệp thành phố trong năm 2023 đã được xác định.,Thong_Tin_Truong
"Trong năm 2022 - 2023, Trường Cao đẳng Công nghiệp Thành phố đã tổ chức một hội nghị chung.",Thong_Tin_Truong
Trường Cao đẳng Công nghiệp Tp. đã ra quyết định bổ nhiệm phó giáo sư cho những giáo sư.,Thong_Tin_Truong
"Trong năm 2023, sinh viên đại học Công nghiệp Mỹ ở Lake City đã xuất sắc thể hiện tài năng trong cuộc thi Olympic cho lập trình viên châu Á.",Thong_Tin_Truong
Trường cao đẳng công nghiệp thành phố Lake Hall sẽ tiến hành lễ bế giảng và cấp bằng tốt nghiệp trong năm 2023.,Thong_Tin_Truong
"Buổi hội nghị nhằm cải tiến phương pháp dạy học kỹ năng nhóm, giúp thích ứng tốt hơn với các bối cảnh quốc tế.",Thong_Tin_Truong
"Trường cao đẳng công nghiệp TP.HCM, Lake, thậm chí còn tổ chức các khóa đào tạo bắn súng thực tế phục vụ cho việc tự vệ.",Thong_Tin_Truong
"Trường Đại học Công nghiệp TP.HCM đã tổ chức một ngày tuyển dụng vào sáng sớm năm 2023, với sự tham gia của hơn 50 doanh nghiệp trong công cuộc tìm kiếm nhân lực.",Thong_Tin_Truong
Hội nghị khoa học trẻ lần thứ 5 - 2023 sẽ diễn ra với chủ đề về tri thức của thanh niên trong thời đại hiện nay.,Thong_Tin_Truong
Những giọt nước mắt hạnh phúc đã rơi xuống từ cha mẹ tôi trong khoảnh khắc con tôi trở thành tổng thống mới của thành phố Lake City.,Thong_Tin_Truong
Đại học Công nghiệp TP.HCM đã long trọng kỷ niệm 41 năm ngày Nhà giáo Việt Nam 20/11.,Thong_Tin_Truong
"Trường cao đẳng công nghiệp ở thành phố Lake Hall đã tổ chức sự kiện vinh danh 31 giáo viên và nhân viên trẻ xuất sắc, những bạn trẻ tốt bụng và thân thiện trong năm 2023.",Thong_Tin_Truong
Tôi thật sự cảm thấy ấn tượng về bài phát biểu nghệ thuật trong lễ chào mừng các thầy giáo tại trường cao đẳng công nghiệp thành phố Lake City.,Thong_Tin_Truong
Công nghệ lạnh đã trải qua 20 năm hình thành và phát triển.,Thong_Tin_Truong
Hội nghị trị liệu Mitsui Onnetsu và mẫu đơn yêu cầu hỗ trợ điều trị.,Thong_Tin_Truong
Đại học Công nghiệp TP.HCM đã tiến hành một hội nghị khoa học và năng lượng quốc tế kéo dài.,Thong_Tin_Truong
Học viện sẽ chính thức mở cửa chào đón năm học 2023 - 2024.,Thong_Tin_Truong
Giáo sư đến từ Mỹ đã tham gia hội thảo về ứng dụng công nghệ nano trong lĩnh vực an toàn thực phẩm và nông nghiệp tổ chức tại Đại học Lake City.,Thong_Tin_Truong
Đánh giá mùa mở của các chương trình đào tạo tiêu chuẩn đã diễn ra 353 lần theo tiêu chuẩn aun-qa tại trường Đại học Công nghiệp TP.HCM.,Thong_Tin_Truong
Rynan Technfoxs Việt Nam đã cung cấp thiết bị giảng dạy cho Trường Cao đẳng Công nghiệp TP.,Thong_Tin_Truong
Từ các dự án đến cuộc thi đổi mới sáng tạo cho môi trường xanh - innogreenlife để phát triển các doanh nghiệp spin-off.,Thong_Tin_Truong
"Lễ trao bằng tốt nghiệp cho lớp 7a, lớp học Ph.D. và lớp 13a sẽ diễn ra vào năm 2023.",Thong_Tin_Truong
Trường đại học tác động ra sao đến sự phát triển toàn diện của xã hội và kinh tế?,Thong_Tin_Truong
Chương trình cuộc thi sinh viên bán hàng 2023 đã được khởi động.,Thong_Tin_Truong
"Hội thảo khoa học tại trường cao đẳng góp phần vào việc khởi đầu sự nghiệp cho sinh viên -- chúng có vai trò và tác động đáng kể đến nền kinh tế, văn hóa và xã hội.",Thong_Tin_Truong
Hướng dẫn về quy trình tuyển sinh cho năm học 2023 - 2024.,Thong_Tin_Truong
Sinh viên mới nhập học cần phải biết rằng việc vượt qua các khóa học ở đại học là một nhiệm vụ có thể đạt được.,Thong_Tin_Truong
Giải thưởng học bổng bậc trung học năm 2022 - 2023 và thân hiệu gia đình xuất sắc trong năm 2023.,Thong_Tin_Truong
Quyết định bổ nhiệm và tái bổ nhiệm cán bộ quản lý đã được công bố.,Thong_Tin_Truong
Sinh viên chuyên ngành kỹ thuật điện đã xuất sắc giành giải nhì trong cuộc thi Mca 2023.,Thong_Tin_Truong
Hội nghị khoa học công nghệ lạnh cho sinh viên sẽ diễn ra lần thứ năm vào năm 2023.,Thong_Tin_Truong
"Sau giờ học, kỹ sư điện và chuyên ngành năng lượng tái tạo thường dành thời gian cho những công việc nào?",Thong_Tin_Truong
Hội nghị giữa kỳ lần cuối diễn ra tại trường Đại học Công nghiệp thông minh nhất thành phố.,Thong_Tin_Truong
Hội nghị quốc gia về khoa học và thực phẩm 2023 - Trường cao đẳng công nghiệp TP.HCM (IUH),Thong_Tin_Truong
Đã diễn ra lễ công bố quyết định bổ nhiệm cho viên chức quản lý.,Thong_Tin_Truong
"Trong năm 2022, sẽ có một buổi lễ để vinh danh và trao giải cho các hoạt động khoa học và công nghệ.",Thong_Tin_Truong
Hội nghị cao đẳng công nghiệp thành phố đã đạt được thành công lớn trong giai đoạn từ 2023 đến 2028.,Thong_Tin_Truong
"Tại trường cao đẳng công nghiệp TP.HCM, Lake City, ngày tuyển dụng việc làm năm 2023 sẽ có khả năng thu hút gần 6.000 sinh viên tham gia.",Thong_Tin_Truong
Đại học Công nghiệp TP.HCM đang nỗ lực cải thiện và kiện toàn bộ phận quản lý.,Thong_Tin_Truong
Tôi đã làm việc trong lĩnh vực đào tạo về tài sản cá nhân và nguồn thu nhập của mình.,Thong_Tin_Truong
Hội nghị sinh viên thạc sĩ năm 2023 - 2025 sẽ được tổ chức tại Trường Cao đẳng Công nghiệp Lake City. Đây là một sự kiện thành công nổi bật.,Thong_Tin_Truong
Năm 2023 chứng kiến cuộc họp giữa các cán bộ quản lý trường và sinh viên đại học.,Thong_Tin_Truong
Lễ bế mạc đã tiến hành đánh giá các chương trình đào tạo dựa trên tiêu chuẩn aun-qa 325 lần tại Trường Đại học Công nghiệp TP.HCM.,Thong_Tin_Truong
41 liên đoàn xây dựng tại Đại học Công nghiệp TP. HCM đã tổ chức một đại hội công đoàn hết sức thành công.,Thong_Tin_Truong
"Theo tiêu chuẩn AUN-QA, 325 lần đánh giá mùa mở của các chương trình đào tạo đã được thực hiện tại Trường Đại học Công nghiệp TP.HCM.",Thong_Tin_Truong
"Buổi lễ công bố quyết định cùng với việc trao chứng nhận cho một bài kiểm tra tiêu chuẩn về chất lượng giáo dục và xếp hạng cơ sở giáo dục, chương trình đào tạo.",Thong_Tin_Truong
Đội tuyển đến từ trường cao đẳng công nghiệp thành phố đã giành được nhiều thành công tại cuộc thi toán sinh viên năm 2023.,Thong_Tin_Truong
Sinh viên áp dụng công nghệ nhằm nâng cao sự phát triển của nông nghiệp xanh.,Thong_Tin_Truong
"Tôi là một sinh viên tiêu biểu của các trường cao đẳng công nghiệp tại thành phố, đã giành chiến thắng trong cuộc thi sinh viên đầu tiên với ý tưởng khởi nghiệp tổ chức vào năm 2023.",Thong_Tin_Truong
Để thể hiện sự tôn trọng tới người phụ nữ mà tôi yêu thương.,Thong_Tin_Truong
Hai sinh viên từ trường Đại học Công nghiệp TP.HCM đã thể hiện sự thông minh xuất sắc tại vòng chung kết cuộc thi sv-startup lần thứ 5.,Thong_Tin_Truong
"Ngày Quốc tế Phụ nữ được tổ chức tại Trường Cao đẳng Công nghiệp Lake City với thông điệp ""Vẻ đẹp của phụ nữ"".",Thong_Tin_Truong
Lễ kỷ niệm trao huy hiệu 30 năm.,Thong_Tin_Truong
"Hội nghị lao động và công nhân năm nay, 2023",Thong_Tin_Truong
Quyết định bổ nhiệm phó hiệu trưởng vừa được công bố bởi Trường Đại học Công nghiệp TP.HCM.,Thong_Tin_Truong
Có 4 bộ chương trình plc s7-11 được Estec tặng cho Trường Cao đẳng Công nghiệp Thành phố Lake City.,Thong_Tin_Truong
Mười sự kiện và các thành công tiêu biểu trong năm 2022 của Trường Cao đẳng Công nghiệp TP.HCM được đánh giá cao.,Thong_Tin_Truong
"Cuộc khảo sát chính thức đã đi đến hồi kết, xác nhận chất lượng giáo dục trong lĩnh vực cao đẳng công nghiệp của thành phố.",Thong_Tin_Truong
Cuộc khảo sát chính thức nhằm đánh giá chất lượng giáo dục bậc hai tại trường Đại học Công nghiệp TP.HCM.,Thong_Tin_Truong
"Sinh viên giỏi kỹ thuật điện đã chiến thắng cuộc thi phần mềm Scada gensed64 do Quân đội tổ chức, liên quan đến hàng không và các quý quân sự cuối cùng cho việc số hóa các nhà máy.",Thong_Tin_Truong
Đại học Công nghiệp TP.HCM đã thực hiện một khảo sát sơ bộ để xem xét chất lượng của nền tảng giáo dục thứ hai.,Thong_Tin_Truong
Cuộc hội nghị quốc tế về công nghệ nông nghiệp cho sự phát triển bền vững năm 2022 (faatsd 2022) sắp tới.,Thong_Tin_Truong
Trên 800 nhà khoa học đã tham gia một hội nghị quốc tế liên quan đến công nghệ và phát triển bền vững.,Thong_Tin_Truong
Hội nghị khoa học quốc tế lần thứ hai được khai mạc vào năm 2022.,Thong_Tin_Truong
Hội nghị chung đã đảm nhận vai trò điều hành Trường Đại học Công nghiệp TP.HCM vào năm 2021 - 2022.,Thong_Tin_Truong
Trường Cao đẳng Công nghiệp Lake City đã hoàn thành mọi công tác chuẩn bị cho hội nghị khoa học lần thứ hai.,Thong_Tin_Truong
Một loạt các sự kiện để kỷ niệm 40 năm ngày thành lập đội ngũ giáo viên nam tại trường đại học công nghiệp TP.HCM.,Thong_Tin_Truong
Một ly bia chúc mừng kỷ niệm 40 năm ngày thành lập của thầy giáo nam thuộc Bộ trưởng.,Thong_Tin_Truong
Diễn đàn về các cơ hội học bổng và giáo dục đại học tại Trường Đại học Công nghiệp TP.HCM.,Thong_Tin_Truong
"Kết nối các doanh nghiệp, tổ chức các cuộc họp và cựu sinh viên trong năm 2022.",Thong_Tin_Truong
"Hội nghị quốc tế về khoa học, năm thứ hai 2022, với chủ đề công nghệ tiên tiến và phát triển bền vững, được tổ chức vào cuối tháng Mười Một.",Thong_Tin_Truong
Bộ trưởng Bộ Công Thương bày tỏ sự háo hức tham dự lễ khai mạc tại Trường Đại học Công nghiệp.,Thong_Tin_Truong
"L.I.E.L.L.L.: khơi dậy sự đổi mới sáng tạo toàn cầu, phát triển nguồn lực nhân sự chất lượng.",Thong_Tin_Truong
Lễ khai trương của trường Đại học Công nghiệp TP.HCM đã diễn ra vào năm học 2022 - 2023.,Thong_Tin_Truong
"Hội nghị dành cho các trường cao đẳng khoa học và công nghiệp trẻ sẽ diễn ra tại Lake City vào ngày 4 tháng 10 năm 2022, khởi đầu cho niềm đam mê nghiên cứu khoa học.",Thong_Tin_Truong
Hợp tác kinh doanh - tổ chức chuyển giao công nghệ và thúc đẩy hoạt động nghiên cứu khoa học.,Thong_Tin_Truong
Cao đẳng Đại học là một trường cao đẳng công nghiệp nổi bật với xếp hạng năm sao. Trường này có định hướng ứng dụng dựa vào một hệ thống đánh giá năm mét.,Thong_Tin_Truong
Sáu phần trăm trong chương trình học của Trường Cao đẳng Công nghiệp Lake City đã được xác nhận là một chứng chỉ kiểm tra.,Thong_Tin_Truong
Hội nghị diễn ra thành công trong nhiệm kỳ 25 từ năm 2022 đến 2025.,Thong_Tin_Truong
Phiên họp sơ bộ đã kết thúc việc xem xét dịch vụ tiệc cho những tháng đầu năm và lễ khai mạc tháng 6 năm 2022.,Thong_Tin_Truong
Lễ khai trương phòng thí nghiệm quy mô lớn về lưới điện thông minh và kỹ thuật điện đã diễn ra.,Thong_Tin_Truong
Đại học Công nghiệp TP.HCM chào đón sự hợp tác với Liên hiệp Khoa học và Công nghệ.,Thong_Tin_Truong
"Năm học 2021 - 2022, Trưởng khoa của Trường Cao đẳng Công nghiệp TP.HCM đã thể hiện thành công nổi bật trong việc dạy và tuân thủ đạo đức cũng như phong cách.",Thong_Tin_Truong
Sinh viên ngành kỹ thuật điện xuất sắc đã đạt được hai giải nhì tại cuộc thi trong năm học 2021-2022.,Thong_Tin_Truong
Văn phòng đại diện của câu lạc bộ nước sạch và môi trường miền Nam đã được thành lập tại Đại học Công nghiệp Thành phố Hồ Chí Minh.,Thong_Tin_Truong
"Hàng ngàn sinh viên đã góp mặt trong buổi tiệc tuyển dụng, nơi có 2022 cơ hội việc làm.",Thong_Tin_Truong
"Trường Cao đẳng Công nghiệp TP. Lake City đã tiến hành một buổi lễ công bố trang trọng, cấp chứng nhận chất lượng giáo dục cho 12 chương trình đào tạo trong năm 2021 và 2022.",Thong_Tin_Truong
Du lịch tới huyện đảo SA và các nền tảng DK1.,Thong_Tin_Truong
Chúng tôi tiến hành giảng dạy các lớp chăm sóc khách hàng nhằm nâng cao năng lực cho sinh viên cả trong bối cảnh đào tạo quốc tế và sau khi hoàn thành khóa học.,Thong_Tin_Truong
Có khả năng sinh viên Đại học Công nghiệp TP.HCM ngành kế toán và kiểm toán sẽ ngay lập tức đi làm sau khi lý thuyết được thực hành không?,Thong_Tin_Truong
Công dân năng động - sự thay đổi trong suy nghĩ của họ đối với dịch vụ công.,Thong_Tin_Truong
Đừng quên mở sổ nhật ký và đọc về văn hóa nam tại bước 21/4 lần 9 ở trường Đại học Công nghiệp Thành phố Hồ Chí Minh.,Thong_Tin_Truong
Diễn đàn giảng dạy tập trung vào các vấn đề thực tiễn.,Thong_Tin_Truong
Các thay đổi nổi bật của học sinh trung học diễn ra trong năm 2022.,Thong_Tin_Truong
"Hiệp hội Cựu chiến binh TP. New York giai đoạn 2022 - 2027, đánh dấu năm thứ 27 của Trường Cao đẳng Công nghiệp Thành phố.",Thong_Tin_Truong
Lãnh đạo trường đã tiến hành một cuộc họp với sinh viên vào năm 2022.,Thong_Tin_Truong
"Hội nghị tổ chức các hoạt động tuyên truyền để kỷ niệm 87 năm truyền thống quốc phòng (28/03,35 - 28/03,2022).",Thong_Tin_Truong
D-health đã đạt giải nhất tại cuộc thi innogreenlife 2021.,Thong_Tin_Truong
Cuộc thi innogreenlife2021 về đổi mới sáng tạo vì một cuộc sống xanh đã kết thúc.,Thong_Tin_Truong
Các kiểm toán viên công nghiệp và trưởng phòng kế toán ở thành phố Lake City đã được phân loại vào top 5% các trường đáp ứng yêu cầu của liên đoàn kế toán công.,Thong_Tin_Truong
"Ngành công nghiệp này trong lĩnh vực công nghệ nhiệt chưa bao giờ thôi ""nóng"".",Thong_Tin_Truong
Trường cao đẳng công nghiệp Lake House đã đạt được chiến thắng trong ba cuộc thi về kỹ thuật phục vụ cho cộng đồng.,Thong_Tin_Truong
Người đạt giải ba trong cuộc thi Olympic của các trường cao đẳng công nghiệp... tin rằng sinh viên ở trình độ quốc gia...,Thong_Tin_Truong
Hội nghị công chức lao động năm 2022 được tổ chức.,Thong_Tin_Truong
ICPC quốc gia 2021: Mùa gặt hái từ những quả bóng tại Trường cao đẳng Công nghiệp TP.HCM.,Thong_Tin_Truong
"Lake City, trường Cao đẳng Công nghiệp TP.HCM, luôn sẵn sàng chào đón bạn trở lại môi trường học tập.",Thong_Tin_Truong
Cuộc khảo sát đã đi đến hồi kết và tiến hành đánh giá chính thức về chất lượng các chương trình thạc sĩ cũng như các trường cao đẳng tại thành phố Lake City.,Thong_Tin_Truong
"Năm 2020 - 2021, trường cao đẳng công nghiệp Lake City đã tổ chức một sự kiện trang trọng kỷ niệm năm học thứ 5 của sinh viên.",Thong_Tin_Truong
Việc đánh giá chất lượng các chương trình đào tạo thạc sĩ cũng như bằng cấp đại học ở thành phố Lake City đã được mở khảo sát chính thức.,Thong_Tin_Truong
"Tại Lake City, Trường Đại học Công nghiệp TP.HCM đã sẵn sàng cho việc đánh giá vượt qua các chương trình đào tạo thạc sĩ và đại học.",Thong_Tin_Truong
Tổng kết cuối năm 2021 của dịch vụ đảng đã thiết lập định hướng cho các nhiệm vụ trong năm 2022.,Thong_Tin_Truong
Khơi dậy đam mê nghiên cứu khoa học trong cộng đồng giảng viên và sinh viên ngành hóa học.,Thong_Tin_Truong
Lễ hội đã quyết định thành lập và công bố các nhóm nghiên cứu tại Đại học Công nghiệp.,Thong_Tin_Truong
Buổi lễ trao tặng huy hiệu 30 năm.,Thong_Tin_Truong
Hội nghị 2021 tập trung vào các sáng kiến trong ngành khoa học.,Thong_Tin_Truong
Bốn ngôi sao sáng chói của trường trung học.,Thong_Tin_Truong
"Tại Viện Khoa học, một hội nghị sẽ được tổ chức để giải quyết những vấn đề liên quan đến việc các doanh nghiệp bắt đầu khai thác sở hữu trí tuệ trong trường đại học.",Thong_Tin_Truong
Một ly nâng chén chúc mừng cho ngày 20-11 C.E.P.P.D. của Bộ trưởng Bộ Thương mại.,Thong_Tin_Truong
Năm học 2021 - 2022 sẽ chính thức khai giảng vào ngày sắp tới.,Thong_Tin_Truong
Hội nghị về giảng dạy trực tuyến hiệu quả được khai mạc vào năm 2021.,Thong_Tin_Truong
Mở đầu về các tiêu chí đào tạo theo chương trình chuẩn 240 của aun-qa tại Trường Cao đẳng Công nghiệp Lake City.,Thong_Tin_Truong
Ngôi trường cao đẳng công nghiệp tại thành phố đã được công nhận đạt tiêu chuẩn quốc tế bốn sao - qs stars.,Thong_Tin_Truong
Aun-qa thực hiện việc đánh giá tiêu chuẩn hóa cho các chương trình đào tạo.,Thong_Tin_Truong
Các bạn sinh viên K17 cần nhận được sự chú ý.,Thong_Tin_Truong
Nhóm nghiên cứu - điểm mấu chốt cho công tác nghiên cứu khoa học tại Đại học Công nghiệp Thành phố Hồ Chí Minh.,Thong_Tin_Truong
Chương trình trực tuyến này là một K17 đặc biệt tại Trường Đại học Công nghiệp TP.HCM.,Thong_Tin_Truong
"Trong khuôn khổ hội nghị khoa học lần thứ ba, sinh viên đã nêu bật xu hướng phát triển kỹ thuật nhiệt liên quan đến thời đại OECD.",Thong_Tin_Truong
Sự kiện hội nghị nghiên cứu nâng cao liên quan đến khoa học nhiệt và chất lỏng.,Thong_Tin_Truong
"Thư từ thư ký công ty đã được gửi tới các nhân viên, quan chức, cán bộ, công nhân và các thành viên ở các tỉnh, thành phố được dịch.",Thong_Tin_Truong
"Hội nghị khoa học kỷ niệm ba năm, 2021: sức mạnh trí tuệ trẻ của thời đại Ottawa.",Thong_Tin_Truong
Sân chơi độc đáo mang tên Kiến trúc trẻ 2021 đã được tổ chức cho các bạn học sinh.,Thong_Tin_Truong
"Hội nghị nghiên cứu sinh viên khoa học, lớp quản lý doanh nghiệp - AHHHEA diễn ra.",Thong_Tin_Truong
Hội nghị khoa học nghiên cứu lần thứ 2 diễn ra vào năm 2021.,Thong_Tin_Truong
Ngân hàng đã tiến hành một hội thảo khoa học dành cho sinh viên vào năm 2021.,Thong_Tin_Truong
Một buổi hội thảo được lên kế hoạch để nghiên cứu các luận văn tiến sĩ trong ngành quản trị kinh doanh.,Thong_Tin_Truong
Ông ấy đã giao nhiệm vụ cho ba phó hiệu trưởng tại tp Industries.,Thong_Tin_Truong
Tổ chức hội nghị quốc gia lần thứ bảy về nghiên cứu và phát triển các sản phẩm tự nhiên.,Thong_Tin_Truong
Phát triển mối quan hệ hợp tác trong lĩnh vực đào tạo nguồn nhân lực chất lượng cao.,Thong_Tin_Truong
Một cuộc thảo luận giữa sinh viên và ban lãnh đạo trường học đã diễn ra vào năm 2021.,Thong_Tin_Truong
Hội nghị của các quan chức lao động đã được tổ chức vào năm 2021.,Thong_Tin_Truong
"Trong một quyết định mới, Trường Cao đẳng Công nghiệp ở Lake City đã chọn ra một giáo sư và một phó giáo sư.",Thong_Tin_Truong
Trường cao đẳng công nghiệp thành phố Lake City đã liên kết với các doanh nghiệp trong việc phát triển chương trình đào tạo nguồn nhân lực cho nền kinh tế.,Thong_Tin_Truong
Trường cao đẳng công nghiệp thành phố đang đào tạo những công dân năng động cho các doanh nghiệp xã hội.,Thong_Tin_Truong
Năm 2020 sẽ tổ chức vòng chung kết cho cuộc họp về dịch vụ đảng và khóa đào tạo của chiến dịch năm 2021.,Thong_Tin_Truong
50 sv-start up vào năm 2020 là nhóm đại diện của Đại học Công nghiệp TP.HCM tại sự kiện này.,Thong_Tin_Truong
Trường cao đẳng công nghiệp thành phố Lake City đã thực hiện việc ký kết với doanh nghiệp và nghiên cứu về chuyển giao công nghệ.,Thong_Tin_Truong
Trường cao đẳng công nghiệp thành phố Lake Hall đã tổ chức một lễ khai trương hoành tráng vào năm học 2020-2021.,Thong_Tin_Truong
Trường cao đẳng công nghiệp thành phố Lake City đã tổ chức lễ tốt nghiệp cho các bác sĩ lớp 4 (2020 - 2022) và thạc sĩ lớp 10a vào tháng 3 cũng như tháng 8 năm 2020.,Thong_Tin_Truong
Chương trình trao huy hiệu nhân kỷ niệm 40 năm.,Thong_Tin_Truong
Sinh viên đại học từ Thành phố Lake City có thể trở thành kỹ sư chuyên nghiệp bằng cách nào?,Thong_Tin_Truong
Các khóa học và hội thảo quốc tế diễn ra trong năm 2020.,Thong_Tin_Truong
Hội thảo dành cho sinh viên ngành quản lý kinh doanh năm 2020.,Thong_Tin_Truong
Trường cao đẳng công nghiệp của thành phố đã đạt được một thỏa thuận chiến lược với công ty dịch vụ đô thị địa phương.,Thong_Tin_Truong
Chương trình đào tạo về phát triển các chỉ số đánh giá và đo lường (KPIs).,Thong_Tin_Truong
Báo cáo mức độ tự đánh giá giáo dục của cơ sở dựa trên tiêu chuẩn aun-qa.,Thong_Tin_Truong
Lễ công bố quyết định và trao chức vụ hiệu trưởng cho Trường Cao đẳng Công nghiệp TP.HCM đã diễn ra.,Thong_Tin_Truong
Trường Đại học Công nghiệp TP.HCM đã tiến hành khai mạc hội nghị cán bộ vào năm 2020.,Thong_Tin_Truong
"Buổi lễ công bố các quyết định bổ nhiệm giáo sư, phó giáo sư cùng với việc trao huy chương lao động và giải thưởng của Thủ tướng Chính phủ năm 2019.",Thong_Tin_Truong
"Hội nghị quốc tế: kiểm soát tài chính trong các cơ sở giáo dục đại học, kinh nghiệm quốc tế và ứng dụng dành cho nam giới.",Thong_Tin_Truong
"Vào năm 2019 - 2020, trường học Xã hội đã chính thức đưa vào sử dụng phương pháp giảng dạy mới trong đại học.",Thong_Tin_Truong
Thực hiện chuyến tham quan và tìm hiểu cách thức kiểm tra chất lượng tại trường đại học công nghiệp của thành phố.,Thong_Tin_Truong
Phương pháp học dựa trên dự án sẽ được áp dụng để hoàn thiện cuộc thi tự động hóa.,Thong_Tin_Truong
đào tạo tại trường học theo tiêu chuẩn đầu ra (obe),Thong_Tin_Truong
Mười tỷ đô la sẽ được đầu tư cho việc thúc đẩy sự sáng tạo và khởi nghiệp trong sinh viên.,Thong_Tin_Truong
"Tại Lake City, hội nghị khoa học và công nghiệp hướng đến sinh viên trẻ nhằm kích thích niềm đam mê nghiên cứu khoa học.",Thong_Tin_Truong
Một nhà máy hiện đại tại trường đại học Công nghiệp.,Thong_Tin_Truong
Đánh giá chung về chương trình cấp độ 154 của aun - qa tại Trường Cao đẳng Công nghiệp Lake City.,Thong_Tin_Truong
Một chuyến tham quan trải nghiệm học tập liên quan đến dự án Jica cần được thực hiện bởi các trường cao đẳng công nghệ tại Trường Cao đẳng Công nghiệp của Thành phố.,Thong_Tin_Truong
Các hội thảo khoa học quốc tế miễn phí sẽ trình bày về việc áp dụng vi tảo trong xử lý nước.,Thong_Tin_Truong
"Dự án xây dựng một cơ sở đào tạo và nghiên cứu khoa học cho ngành công nghiệp tại quận 12, thành phố Lake City, đã được khởi công với sự tài trợ của Ngân hàng Thế giới.",Thong_Tin_Truong
"Năm 2019 đánh dấu sự khởi đầu của đại hội nhân viên tại trường Đại học Công nghiệp TP.HCM, mang lại những trải nghiệm đầy hứng thú.",Thong_Tin_Truong
Trường cao đẳng công nghiệp thành phố Lake City đã có sự tham gia của quản lý vào chương trình đào tạo kuk-vb kể từ ngày 12 tháng 12 năm 2018.,Thong_Tin_Truong
Trường Đại học Công nghiệp TP.HCM vinh dự mừng kỷ niệm 36 năm Ngày Nhà giáo Việt Nam 20/11.,Thong_Tin_Truong
Các sự kiện hội thảo góp phần chia sẻ kinh nghiệm về việc xếp hạng đại học theo QS.,Thong_Tin_Truong
Giải thưởng dành cho giảng viên trẻ và sinh viên khoa học sẽ được trao cho các giáo viên cùng sinh viên tại trường đại học D.C. vào năm 2018.,Thong_Tin_Truong
Trường Đại học Công nghiệp TP.HCM trở thành cơ sở đầu tiên trong bộ phận thương mại được công nhận đạt tiêu chuẩn AUN-QA.,Thong_Tin_Truong
Chương trình cấp độ 116 của AUN - QA tại Đại học Công nghiệp TP.HCM được đánh giá như thế nào?,Thong_Tin_Truong
Đối tượng tham gia là các thí sinh thuộc Giải thưởng Kỹ năng Thế giới lần thứ 44 và kỳ thi kỹ năng quốc gia lần thứ tư.,Thong_Tin_Truong
Thông tin về ngày tuyển dụng cho các công việc trong năm 2018.,Thong_Tin_Truong
Trường Đại học Công nghiệp TP.HCM đã bắt đầu tổ chức hội nghị chính thức cho nhân viên vào năm 2018.,Thong_Tin_Truong
Bàn tay của nhà phát minh đến từ nông dân đang hiện diện ở trường đại học.,Thong_Tin_Truong
Đánh giá cuối cùng đối với dự án Jica-iuh.,Thong_Tin_Truong
Quyết định bổ nhiệm phó hiệu trưởng đã được công bố.,Thong_Tin_Truong
Hội thảo khoa học quốc tế về an ninh lương thực và phát triển bền vững 207 - isfs2017,Thong_Tin_Truong
Trường cao đẳng công nghiệp thành phố Lake Hall tổ chức sự kiện chào mừng 35 năm ngày Nhà giáo Việt Nam 20/11.,Thong_Tin_Truong
Trải nghiệm sự biến đổi trong nội dung và cách thức giảng dạy vào năm 2017.,Thong_Tin_Truong
Ngày hội tìm kiếm việc làm năm 2017.,Thong_Tin_Truong
"Là một giáo sư tại Đại học Công nghiệp ở Lake City, tôi đã nhận giải thưởng vô địch thiết kế thời trang với chủ đề về vẻ đẹp tự nhiên, với chất liệu cotton unsa.",Thong_Tin_Truong
"Buổi hội thảo sẽ thảo luận về các phương pháp đổi mới trong đào tạo và cập nhật giáo dục kế toán, phù hợp với nhu cầu cải cách tại các trường đại học cũng như cao đẳng.",Thong_Tin_Truong
"Chương trình đào tạo thạc sĩ liên kết với Đại học Soongsil, Hàn Quốc cấp bằng cử nhân (0.4 và 4)",Thong_Tin_Truong
Khởi tạo một trung tâm đào tạo nhân sự tập trung vào ngành phân phối và bán lẻ.,Thong_Tin_Truong
"Để cải thiện cơ sở vật chất và thiết bị giảng dạy, trường cao đẳng công nghiệp ở Lake City đã nhận 45 triệu đô la từ Ngân hàng Thế giới.",Thong_Tin_Truong
"Dự án Jica tại trường cao đẳng công nghiệp thành phố Lake City đã hoàn thành 100% về mặt thông minh, sinh viên sau khi tốt nghiệp đều tìm được việc làm.",Thong_Tin_Truong
Khóa học Tiến sĩ đầu tiên đã được Trường Cao đẳng Công nghiệp TP.HCM khởi động.,Thong_Tin_Truong
Sinh viên trong lĩnh vực công nghiệp của thành phố đã được cấp vốn 500 triệu đô la để bắt đầu sự nghiệp.,Thong_Tin_Truong
"Các phòng khám sẽ được thiết lập dành cho lãnh đạo, quan chức và sinh viên.",Thong_Tin_Truong
Hội nghị nhân viên đã diễn ra tại trường Đại học Công nghiệp TP.HCM vào năm 2017.,Thong_Tin_Truong
Thỏa thuận hợp tác toàn diện được thực hiện giữa trường Đại học Công nghiệp TP.HCM.,Thong_Tin_Truong
"Sự kết hợp giữa công nghệ lạnh và công ty Ebara, nhà cung cấp hàng đầu về bơm cùng thiết bị lạnh.",Thong_Tin_Truong
Đã tiến hành công bố quyết định bổ nhiệm vị trí phó giáo sư vào năm 2016.,Thong_Tin_Truong
Trường yêu thương là nơi tiên phong ở miền Nam trong việc đạt tiêu chuẩn chất lượng giáo dục.,Thong_Tin_Truong
Các nhà nghiên cứu quốc tế đang tiến hành thảo luận về ứng dụng công nghệ cao trong bối cảnh phát triển bền vững.,Thong_Tin_Truong
Người đó đã được bổ nhiệm vào vị trí phó chủ tịch của trường công nghiệp thành phố.,Thong_Tin_Truong
Triển lãm sách nhằm chào mừng Ngày Manuscript lần thứ 164 diễn ra vào năm 2016.,Thong_Tin_Truong
Cuộc thi sản phẩm mới dành cho sinh viên diễn ra vào năm 2016.,Thong_Tin_Truong
"Vào năm 2016, cuộc thi tin tức (moswc) được tổ chức tại Trường Đại học Công nghiệp Hồ Chí Minh.",Thong_Tin_Truong
Hội nghị đã nêu rõ ý kiến liên quan đến mục tiêu trong quá trình đào tạo và chuẩn hóa tiêu chuẩn công nghệ thông tin.,Thong_Tin_Truong
Thông tin về sự kết hợp giữa kỳ thi cuối cấp trung học cho chương trình MBA-ss3 và việc khai giảng khóa học MBA-ss5.,Thong_Tin_Truong
Hội nghị dành cho nhân viên của Đại học Công nghiệp TP.HCM đã diễn ra rất thành công vào năm 2016.,Thong_Tin_Truong
"Sự kiện họp mặt các sĩ quan, quan chức trẻ đã nghỉ hưu năm 2016.",Thong_Tin_Truong
Sinh viên của Đại học Công nghiệp TP.HCM đã thể hiện sự xuất sắc khi dẫn đầu trong lĩnh vực kỹ thuật và môi trường tại eréka 2015.,Thong_Tin_Truong
Sẽ có một triển lãm hình ảnh giới thiệu 60 cách thức ứng phó với những thay đổi của khí hậu.,Thong_Tin_Truong
"Tổ chức Sejon, đến từ Hàn Quốc, đã thực hiện chuyến thăm và làm việc.",Thong_Tin_Truong
Hội nghị đã xem xét chương trình đào tạo Tiến sĩ cho lĩnh vực quản lý tài nguyên cũng như quản lý môi trường.,Thong_Tin_Truong
Lễ khai giảng lớp học thạc sĩ chuyên sâu về khoa học và quản lý môi trường.,Thong_Tin_Truong
"Buổi lễ kỷ niệm truyền thống cho sinh viên trẻ và sinh viên khoa học euréka, cũng như học sinh trung học, đã diễn ra trong năm học 2014-2015.",Thong_Tin_Truong
Lễ kỷ niệm Ngày Nhà giáo Việt Nam 20-11 và lễ vinh danh 5 giáo sư đã được tổ chức vào năm 2015.,Thong_Tin_Truong
"Trường Đại học Công nghiệp TP.HCM đã chào đón 11,000 tân sinh viên trong năm học mới này.",Thong_Tin_Truong
Lễ công bố quyết định thiết lập thương hiệu của trường cao đẳng công nghiệp lớn.,Thong_Tin_Truong
Trang web sẽ cung cấp thông tin về hội thảo sinh viên và các lĩnh vực liên quan.,Thong_Tin_Truong
Buổi lễ đã diễn ra với việc công bố quyết định về việc bổ nhiệm và tái bổ nhiệm phó hiệu trưởng của Trường Đại học Công nghiệp.,Thong_Tin_Truong
Đã đạt được thỏa thuận hợp tác để thành lập trung tâm tiếng Anh ở Đại học Lake City.,Thong_Tin_Truong
"Để chào đón ngày sách nam đầu tiên, có một triển lãm sách được tổ chức.",Thong_Tin_Truong
Lễ công bố quyết định bổ nhiệm phó giáo sư đã diễn ra vào năm 2014.,Thong_Tin_Truong
Lễ trao giải đã thông báo về quyết định bổ nhiệm hiệu trưởng cho Trường Cao đẳng Công nghiệp Thành phố.,Thong_Tin_Truong
Học bổng Toyota 2014 cuối cùng đã được trao cho chín sinh viên của trường cao đẳng công nghiệp thành phố.,Thong_Tin_Truong
Nhân dịp kỷ niệm 10 năm hình thành và phát triển của Trường Cao đẳng Công nghiệp Thành phố Lake City.,Thong_Tin_Truong
"Ngoài ra, còn có 24 chương trình thạc sĩ khác về môi trường và tài nguyên môi trường.",Thong_Tin_Truong
Lễ cấp bằng và bàn giao văn bằng cho các kỹ sư mới ra trường cùng tân sinh viên.,Thong_Tin_Truong
"Trường Đại học Công nghiệp TP.HCM, với năm khai trương 2014-2015, đã chào đón 13.500 sinh viên mới.",Thong_Tin_Truong
"Tại hội nghị khoa học lần thứ 5, trường đại học công nghiệp đã đưa ra gần 100 công trình khoa học.",Thong_Tin_Truong
"Đến năm 2014, hội nghị đào tạo đã đạt được các yêu cầu về trình độ cho giảng viên và phó giáo sư.",Thong_Tin_Truong
Kỷ niệm 85 năm ngày ra đời của Liên hiệp nam (287 - 1929 - 28),Thong_Tin_Truong
"Trong năm học 2013-2014, trường đã trao tặng 673 học bổng đầu vào cho con của nhân viên có thành tích học tập tốt.",Thong_Tin_Truong
Cơ sở giáo dục Đại học Công nghiệp TP.HCM vừa chào đón 52 chuyên gia môi trường mới.,Thong_Tin_Truong
"Hơn 10.000 tân sinh viên, kỹ sư sẽ nhận chứng chỉ tốt nghiệp trong lễ bế giảng cuối cùng.",Thong_Tin_Truong
Năm học 2014 sẽ bắt đầu với lễ khai giảng và 'kỷ niệm 83 năm thành lập đội ngũ mới'.,Thong_Tin_Truong
"Cuối năm học 2014, 99 giải thưởng đã được tặng cho cả cá nhân lẫn tập thể.",Thong_Tin_Truong
"Vào năm 2014, tpc. hm đã tiến hành tổ chức những hội nghị dành cho nhân viên và quan chức chính phủ, và đạt được nhiều thành công.",Thong_Tin_Truong
Kỷ niệm 9 năm ngày thành lập trường cao đẳng công nghiệp. Hừm.,Thong_Tin_Truong
Một buổi họp tổng thể dành cho hoạt động công đoàn năm 2012-2013 và chương trình cho năm học 2013-2014 - các hoạt động của trường học.,Thong_Tin_Truong
"Trường Đại học Công nghiệp TP.HCM (IUH) do một hiệu trưởng dẫn dắt đang trải qua giai đoạn khó khăn, được thành lập chính thức vào ngày 11 tháng 11 năm 1956.",Thong_Tin_Truong
"Các tu sĩ Don Bosco đã thành lập trường đào tạo tư thục tại TP.HCM, và trường hiện diện trên các phương tiện truyền thông xã hội, bao gồm các quận và tỉnh.",Thong_Tin_Truong
"Năm 1968, tên gọi của trường cao đẳng công nghiệp ở thành phố Lake City đã được thay đổi thành trường trung học kỹ thuật tư thục lớp 1 Don Bosco.",Thong_Tin_Truong
"Trường đã được cải tạo vào ngày 31 tháng 1 năm 1970 và trở thành trường trung học thuộc về kỹ thuật phổ thông No bosco, với tên chính thức là Trường Trung học Baden.",Thong_Tin_Truong
"Sau khi đất nước thống nhất, vào ngày 19 tháng 12 năm 1975, trường đã được bàn giao cho công tác quản lý đào tạo tổng hợp và điện tử.",Thong_Tin_Truong
"Vào năm 1978, trường được đổi tên thành trường kỹ thuật iv và trực thuộc sự quản lý của bộ máy cũng như ngành công nghiệp sắt.",Thong_Tin_Truong
"Vào năm 1994, sự sáp nhập giữa trường trung học hóa học ii và trường kỹ thuật iv đã dẫn đến việc thành lập trường trung học công nghiệp cho ngành kỹ thuật công nghiệp.",Thong_Tin_Truong
"Vào tháng 3 năm 1999, trường cao đẳng công nghiệp IV chính thức được nâng cấp lên thành trường cao đẳng công nghiệp IV.",Thong_Tin_Truong
Cột mốc tháng 12 năm 2004 là thời điểm đáng nhớ khi trường cao đẳng công nghiệp IV được nâng cấp lên thành trường cao đẳng công nghiệp cấp thành phố.,Thong_Tin_Truong
Quyết định nâng cấp trường thành cao đẳng công nghiệp của thành phố có thể xuất phát từ quyết định số 214/2/4/4/3000 của thủ tướng chính phủ.,Thong_Tin_Truong
"Ngày 23 tháng 6 năm 2015, Trường cao đẳng công nghiệp TP. Lake City đã nhận được sự phê chuẩn từ Thủ tướng chính phủ về việc xem xét cơ chế mới (2015-2017) theo quyết định số 902/dm/dtg.",Thong_Tin_Truong
Các cơ chế tự quản tại Trường Đại học Công nghiệp TP.HCM đã được triển khai từ năm học 2015 - 2016.,Thong_Tin_Truong
"Hôm nay, trường Đại học Công nghiệp Lake City được xem là một trong những cơ sở giáo dục đại học hàng đầu tại phía Nam.",Thong_Tin_Truong
"Hỏi: Tháng 5 nào Trường Cao đẳng Công nghiệp TP. Lake City (iuh) được thành lập? - Đáp: Trường khởi đầu vào ngày 11 tháng 11 năm 1956, và vào tháng 12 năm 2004, trường mới chính thức mang tên Trường Cao đẳng Công nghiệp Thành phố.",Thong_Tin_Truong
"Các tên cũ của các trường cao đẳng công nghiệp trong thành phố đã biến đổi như thế nào qua từng thời kỳ? - Câu trả lời: Trường đã từng mang những tên gọi như trường Đào tạo, trường kỹ thuật Don Bosco, trường kỹ thuật công nghiệp IV và cao đẳng công nghiệp trước khi có tên gọi như hiện nay.",Thong_Tin_Truong
"Hỏi: Bạn có thể cho biết sự kiện nào đã xảy ra vào năm 1994 trong lịch sử của trường Đại học Công nghiệp TP.HCM không? - Đáp: Trong năm 1994, trường II trung học (hòa nhập) đã tiến hành hợp nhất và trở thành trường cao đẳng công nghiệp kỹ thuật.",Thong_Tin_Truong
